"";"ATTCCAGCTCCAATAGCGTATATTAAAGTTGTTGCAGTTAAAAAGCTCGTAGTTGGATTTCTGGTGGGAGTGATCGGTCCTTCACTTAGTGTTGGAACCTGATTGTCTCCTGCCATCCATGGAGAGAACTTATCTGGCATTAAGTTGTCGGGTAGGCAATCTCCATCCTTTACTGTGAAAAAATTAGAGTGTTCAAAGCAGGCTTATGCCGTTGAATACATTAGCATGGAATAATAAGATAGGACTATGGTACTATTTTGTTGGTTTGTGCACCATAGTAATGATTAATAGGGACAGTTGGGGGTATTCGTATTCCATTGTCAGAGGTGAAATTCTTGGATTTATGGAAGACGAACTACTGCGAAAGCATTTACCAAGGATGTTTTCATCA";"ATTCCAGCTCCAATAGCGTATATTAAAGTTGTTGCAGTTAGAACGCTCGTAGTCGGATTTCGGGGCGGGCCGACCGGTCTGCCGATGGGTACGCACTGGTCGGCGCGTCCTTCCTTCCGGAGACCGTGCCTACTCTTAACTGAGCGGGGGCGGGAGACGGATCGTTTACTTTGAAAAAATCAGAGTGTTTCAAGCAGGCAGCTCGCTCTTGCATGGATTAGCATGGGATAATGAAATAGGACTTTGGTGCTATTTTGTTGGTTTCGAACACCGAAGTAATGATTAAAAGGGACAGTCAGGGGCACTCGTATTCCGCCGAGAGAGGTGAAATTCTCAGACCAGCGGAAGACGAACTACTGCGAAAGCATTTGCCAGGGATGTTTTCATCA";"ATTCCAGCTCCAATAGCGTATACTAAAGTTGTTGCAGTTAAAAAGCTCGTAGTTGGATTTCTGGTCGAGGCAGCCGGTCGGCATCAAGTATGTTTGTACATGGCGCTTCGTCCATTTTTGTAGAAGCTGCGTCTGTCATTCACTTGTCGGGCGTAGGGTCTGCATCATTTACTGTGAGCAAAATAGAGTGTTCAAAGCAGGCTTAGGCCATGAATACATTAGCATGGAATAATAAGATAAGACCTTGGTCTATTTTGTTGGTTAGCATTCCGGGGTAATGATTAATAGGGATAGTTGGGGGTATTCGTATTCAAATGTCAGAGGTGAAATTCTTGGATTTTTTGAAGACGAACTACTGCGAAAGCATTTACCAAGGATGTTTTCATCG";"ATTCCAGCTCCAATAGCGTATACTAAAGTTGTTGCAGTTAAAAAGCTCGTAGTTGTATTTCTGGTCGCGGATGCCGGTCCGCCTCTAACGAGGTGCGTACCTGGCGTCTGTGTCCATCCTCGGGGAGAGCATGTCTGGCATTCAGTTGTCGGGCTTGGGATCCTCGTCATTTACTGTGAGCAAAATAGAGTGTTCAAAGCAGGCTTAGGCCGTTGAATACATTAGCATGGAATAATAAGATAGGACCTCGGTCTATTTTGTTGGTTTACATTCCGAGGTAATGATTAATAGGGATAGTTGGGGGTATTCGTATTCAATTGTCAGAGGTGAAATTCTTGGATTTATGGAAGACGAACAACTGCGAAAGCATTTACCAAGGATGTTTTCATCA";"ATTCCAGCTCCAATAGCGTATATTTAAGTTGTTGCAGTTAAAAAGCTCGTAGTTGGATTTCGGCTTTGGGCGACCGGTCCGCCGTTTCGGTGTGCACTGGTCGGCCTTTGCTTTCTGTCGGGGACGCGCTCTCCTTAATTGGTGACGCGGAGTCGGCGCTGTTACTTTGAAAAAATTAGAGTGTTCAAGGCAGGCTTACGCTCTGAATACTATAGCATGGAATAACACGATAGGACTCCGAGCCTATTTTGTTGGTCTTCGGGACCGGAGTAATGATTAAGAGGGACAGTTGGGGGCATTCGTATTCCGATGTCAGAGGTGAAATTCTTGGATTTTCGGAAGACGAACTTCTGCGAAAGCATTTGCCAAGGATGTTTTCATCG";"ATTCCAGCTCCAATAGCGTATATTAAAGTTGTTGCAGTTAAAAAGCTCGTAGTTGGATTTCTGGTGGGAGCGTTGGGCCGGCCCTAAGGGTCTGAGCTCAAATGTTTTCCGCCATCCTTGGAGGGATGTTGTCTGGCATTAAGTTGTCGGGCTTCCGATCTCCATCGTTTACTGTGAAAAAATTAGAGTGTTCAAAGCAGGCTTATGCCGTTGAATACATTAGCATGGAATAATAAGATAGGACCTTGGTACTATTTTGTTGGTTTGCGTACCTAGGTAATGATTAATAGGGACAGTTGGGGATATTACTATTTCGTTGTCAGAGGTGAAATTCTTGGATTTACGAAAGAGTAACTACTGCGAAAGCATTTATCAAGGATGTTTTCATTA";"ATTCCAGCTCCAATAGCGTATATTTAAGTTGTTGCAGTTAAAAAGCTCGTAGTTGGATTTCGGGTGAATGCGACCGGTCCGTCGTTACGATGTGTACTGGTTGCGTCCATCTTGTTGTCGGGGACGCGCTCCTGGCCTTAACTGGCTGGGACGCGGAGTCGGCGAAGTTACTTTGAAAAAATTAGAGTGTTCAAAGCAGGCCTACGCTCTGAATACATTAGCATGGAATAACGCGATAGGACTCTGGTCTTATTGTGTTGGTCTTCGAGACCGGAGTAATGATTAAGAGGGACAGTTGGGGGCATTCGTATTTCATTGTCAGAGGTGAAATTCTTGGATTTATGAAAGACGAACTTCTGCGAAAGCATTTGCCAAGGATGTTTTCATTA";"ATTCCAGCTCCAATAGCGTATATTAATGTTGTTGCAGTTAAAAAGCTCGTAGTTGGATTTCTGGATTGAACGGCTGGCCTTGCGCGCAAGCGTTCGTGTCGGCTTCTTCGGTCCATCCTCAGGGGAACGTGCGCTGGCATTAACGTGTCGGTGTTCGGACGCCTGTCGTTTACTGTGAACAAATTAGAGTGTTCAAAGCAAGGTGTACTTGAATACATTAGCATGGAATAATAAGATAGGACTTTGGTGGTTCTTTTTGATATTTTGTTGGTTTGCACGCCAAAGTAATGATTAATAGGAGCAGTTGGGGGTATTCGTATTCAATTGTCAGAGGTGAAATTCTTGGATTTATAGAAGACGAACTACTGCGAAAGCATTTACCAAGGATGTTTTCATCA";"ATTCCAGCTCCAATAGCGTATATTAAAGTTGTTGCAGTTAGAACGCTCGTAGTCGGATTTCGGGGCGAGCCTTCCGGTCTGCCGATGGGTATGCACTGGTCGGCGCGTCCTTCCTTCCGGAGACCGTGCCTACTCTTAACTGAGCGGGGGCGGGAGACGGAACGTTTACTTTGAAAAAATCAGAGTGTTTCAAGCAGGCAGCTCGCTCTTGCATGGATTAGCATGGGATAATGAAATAGGACTTTGGTGCTATTTTGTTGGTTTCGAACACCGAAGTAATGATGAGAAGGGACAGTCAGGGGCACTCGTATTCCGCCGAGAGAGGTGAAATTCTCAGACCAGCGGAAGACGAACCACTGCGAAAGCATTTGCCAGGGATGTTTTCATCA";"ATTCCAGCTCTGTAAGCGTATACCAAAGTTGTTGCAGTTAAAACGCTCGTAGTCGGACTTTGGCGGTTCCGGGAGTGCGCCGCGTCGTGCGGACACTTTGCAGGGACTGCTTTTGTGGGTTTAGCACAGGATGAGGGCTGTTTAATCGGTAACGTCTATGTGCAACCACTGTTTACTGTGAGAAAATCAAAGTGCTCAAAGCAGGCATTTGCCGTGAATGTATTAGCATGGAATAATAGAATAGGACTCTGTCTTATTTTGTTGGTTTGTTAAGGCTGAGTAATGATTAAGAGGGACAGTTGGGGGCATTTGTATTTCGGCGCTAGAGGTGAAATTCTTAGATTGCCGAAAGACAAACTGCTGCGAAAGCGTCTGCCAAGGATGTTTTCATCA";"ATTCCAGCTCCAATAGCGTATTCTAAAGTTGTTGCAGTTAAAAAGCTCGTAGTTGGATTTCTGTTTTGGAGAATGGGTCGTGCCTAAACAGGTTCTGTACTTTTTTCTCCGGAACATCCTCGGAGTGAGCGTGTCTGCAATTCATTTTGTGGGCTCGGGACCTTCGTCATTTACTGTGAGCAAAATAGAGTGTTCAAAGCAGGCTTACGCCTTGAATATACTAGCATGGAATAATAAGATAGGACTTTGGTCTATTTTGTTGGTTTACTTTCCAAAGTAATGATTAATAGGGATAGTTGGGGGTATTCGTATTCAATTGTCAGAGGTGAAATTCTTGGATTTATGGAAGACGAACTACTGCGAAAGCATTTACCAAGGATGTTTTCATTA";"ATTCCAGCTCCAATAGCGTATATTAAAGTTGTTGCAGTTAAAAAGCTCGTAGTTGGATTTCTGGTGGGCCCGACCGGTCCGCCCCGAGAGGGGTGAGCACTGGCGTCGTGGTCCGCCATCCTTGGGGAGAGCGCGCCTGGCATTCATTTGTCGGGTGTGGGATCCCCATCGTTTACTGTGAGAAAATTAGAGTGTTCAAAGCAGGCTTACGCCCTGAATACATTAGCATGGAATAATAGTCGAGGCTCTTGGTCTGACTTGTTGGTTTGCAGCCCGAGAGAATGATTCAATAGGGATAGTTGGGGGTATTCGTATTCAATTGTCAGAGGTGAAATTCTTGGATTTATGGAAGACGAACTACTGCGAAAGCATTTACCAAGGATGTTTTCATCG";"ATTCCAGCTCCAATAGCGTATATTAAAGTTGTTGCAGTTAAAAAGCTCGTAGTTGGATTTCTGGTGGGCGCGACCGGTCCGCCCCGAAAGGGGTGAGCACTGGCGTCGCCGTCCGCCATCCTTGGGGAGAGCGCGTCTGGCATTCAGTTGTCGGGCGTGGGATCCCCATCGTTTACTGTGAGAAAATCAGAGTGTTCAAAGCAGGCTTACGCCTTGAATACATTAGCATGGAATAATAGTCGAGGCTCTTGGTCTGACTTGTTGGTTTGCAGCCCGAGAGAATGATTCAATAGGGATAGTTGGGGGTATTCGTATTCAATTGTCAGAGGTGAAATTCTTGGATTTATGGAAGACGAACTACTGCGAAAGCATTTACCAAGGATGTTTTCATCA";"ATTCCAGCTCCAATAGCGTATATTAAAGTTGTTGCAGTTAGAACGCTCGTAGTCGGATTTCGGGGCGGGCCGACCGGTCTGCCGATGGGTACGCACTGGTCGGCGCGTCCTTCCTTCCGGAGACCGTGCCTACTCTTAACTGAGCGGGGGCGGGAGACGGATCGTTTACTTTGAAAAAATCAGAGTGTTTCAAGCAGGCAGCTCGCTCTTGCATGGATTAGCATGGGATAATGAAATAGGACTTTGGTGCTATTTTGTTGGTTTCGAACACCGAAGTAATGATTAAAAGGGACAGTCAGGGGCACTCGTATTCCGCCGAGAGAGGTGAAATTCTCAGACCAGCGGAAGACGAACTACTGCGAAAGCATTTGCCAGGGATGTTTTCATTA";"ATTCCAGCTCCAATAGCGTATATTAAAGTTGTTGCAGTTAGAACGCTCGTAGTCGGATTTCGGGGCGGGCCGACCGGTCTGCCGATGGGTACGCACTGGTCGGCGCGTCCTTCCTTCCGGAGACCGTGCCTACTCTTAACTGAGCGGGGGCGGGAGACGGATCGTTTACTTTGAAAAAATCAGAGTGTTTCAAGCAGGCAGCTCGCTCTTGCATGGATTAGCATGGGATAATGAAATAGGACTTTGGTGCTATTTTGTTGGTTTCGAACACCGAAGTAATGATTAAAAGGGACAGTCAGGGGCACTCGTATTCCGCCGAGAGAGGTGAAATTCTCAGACCAGCGGAAGACGAACTACTGCGAAAGCATTTGCCAGGGATGTTTTCATCG";"ATTCCAGCTCCAATAGCGTATACTAAAGTTGTTGCAGTTAAAAAGCTCGTAGTTGAATTTCTGGATGTGAAAGGTGGTCGGCACCTCACGGTGTCTGTACTTATCATTCGCGTCCATCCTCGGGAGGAACATGTGGACACTTAAGTGGGTCTGCTTGGGAATCTCGTCATTTACTGTGAGCAAAATAGAGTGTTCAAAGCAGGCTTATGCCGTTGAATATATTAGCATGGAATAATAAGATATGACTTTGGTCTATTTTGTTGGTTTACATTCCAAAGTAATGATTAATAGGGATAGTTGGGGGTATTCGTATTCAATTGTCAGAGGTGAAATTCTTGGATTTATGGAAGACGAACTACTGCGAAAGCATTTACCAAGGATGTTTTCATCA";"ATTCCAGCTCCAATAGCGTATATTAAAGTTGTTGCAGTTAAAAAGCTCGTAGTTGGATTTCTGGTGTGAGCGTCTTGCCGGCCCAAACGGGTCTGTGCAGGCACGCCTCTCGCCATCCTTGCGTCTAACTTGTCTGGCATTAAGTTGTCGGGCTTGGGAAGCGCATCGTTTACTGTGAAAAAATTAGAGTGTTCAAAGCAGGCTTACGCCGTTGAATACATTAGCATGGAATAATAAGATAGGACCTTGGTGCTATTTTGTTGGTTTGCGTACCGAGGTAATGATTAATAGGGACAGTTGGGGGTATTTGTATTCCATTGTCAGAGGTGAAATTCTTGGATTTATGGAAGACAAACTACTGCGAAAGCATTTACCAAGGATGTTTTCATTA";"ATTCCAGCTCCAATAGCGTATATTAAAGTTGTTGCAGTTAAAACGCTCGTAGTCGGATTTCGGGGCGTGGTCGCCGGTCTGCCGATGGGTATGCACTGGTGCTCGCGTCCTTCCTTCCGGAGACCGTGCCTACTCTTAACTGAGCGGGTGCGGGAGACGGATTGTTTACTTTGAAAAAATCAGAGTGTTTCAAGCAGGCAGCTCGCTCTTGCATGGATTAGCATGGGATAATGAAATAGGACTTTGGTGCTATTTTGTTGGTTTCGAACACCGAAGTAATGATTAACAGGGACAGTCAGGGGCACTCGTATTCCGCCGAGAGAGGTGAAATTCTCAGACCAGCGGAAGACGAACCACTGCGAAAGCATTTGCCAGGGATGTTTTCATCA";"ATTCCAGCTCTAATAGCGTATATTAATGTTGTTGCAGTTAAAAAGCTCGTAGTTGGATTTTGGTGTTTGACAAATGGTCTGCCTTCGGGTTTGCACTGTTTGTTGGCACTTCTTTTCTGGGGAACTCACTGCTCTTAATTGAGGGGTGCTGTAACGCAGATCGTTTACTTTGAAAAAATTAGAGTGTTCAAAGCAGGCCAACGCATTGAATACATTAGCATGGAATAATGGAATAGGACTTTGGTCTTATTTTGTTGGTTTCTAAGGCCGAGGTAATGATTAATAGGGATAGTTGGGGGCGTTTATATTCCGTTGTCAGAGGTGAAATTCTTGGATTTACGGAAGATAAACTACTGCGAAAGCATTCGCCAAGGATGTTTTCATTA";"ATTCCAGCTCTAATAGCGTATATTAATGTTGTTGCAGTTAAAAAGCTCGTAGTTGGATTTTGGTGTTTGACAAATGGTCTGCCTTCGGGTTTGCACTGTTTGTTGGCACTTCTTTTCTGGGGAACTCACTGCTCTTAATTGAGGGGTGCTGTAACGCAGATCGTTTACTTTGAAAAAATTAGAGTGTTCAAAGCAGGCCAACGCATTGAATACATTAGCATGGAATAATGGAATAGGACTTTGGTCTTATTTTGTTGGTTTCTAAGGCCGAGGTAATGATTAATAGGGATAGTTGGGGGCGTTTATATTCCGTTGTCAGAGGTGAAATTCTTGGATTTACGGAAGATAAACTACTGCGAAAGCATTCGCCAAGGATGTTTTCATCA";"ATTCCAGCTCCAATAGCGTATATTAAAGTTGTTGCAGTTAAAAAGCTCGTAGTTGGATTTCTGGTGGGAGCGTTGGGCCGGCCCTAAGGGTCTGTGCTCAAATGTTTTCCGCCATCCTTGAGTGGAACTTTTCTGGCATTCAGTTGTCGGGATTGCTAAACTCATCATTTACTGTGAAAAAATTAGAGTGTTCAAAGCAGGCTTATGCCGTTGAATACATTAGCATGGAATAATAAGATAGGACCCTGGTACTATTTTGTTGGTTTGCGTACCTAGGTAATGATTAATAGGGACAGTTGGGGGTATTTATATTCCGTTGTCAGAGGTGAAATTCTTGGATTTACGGAAGATAAACTACTGCGAAAGCATTTACCAAGGATGTTTTCATTG";"ATTCCAGCTCCAATAGCGTATATTAAAGTTGTTGCAGTTAAAAAGCTCGTAGTTGGATTTCTGGTGGGCGCGACCGGTCCGCCCCGCGAGGGGTGAGCACTGGCGTCGCCGTCCGCCATCCTTGGGGAGAGCGCGCCTGGCATTCATTTGTCGGGCGTGGGATCCCCATCGTTTACTGTGAGAAAATTAGAGTGTTCAAAGCAGGCTTACGCCTTGAATACATTAGCATGGAATAATAGTCGAGGCTCTTGGTCTGACTTGTTGGTTTGCAGCCCGAGAGAATGATTCAATAGGGATAGTTGGGGGTATTCGTATTCAATTGTCAGAGGTGAAATTCTTGGATTTATGGAAGACGAACTACTGCGAAAGCATTTACCAAGGATGTTTTCATCA";"ATTCCAGCTCTGTAAGCGTATACCAAAGTTGTTGCAGTTAAAACGCTCGTAGTCGGACTTTGGCGGTTTCGGGAGTGTTACGCGTCGTGCGTGCGCTTCGCAGGAACTGCTTTTGTGGGTTTCGCGTCGGATGAGGGCTGTTTATTCGGTAACGTCCGCACGCAACCACTGTTTACTGTGAGAAAATCAGAGTGCTCAAAGCAGGCATTTGCCGTGAATGTATTAGCATGGAATAATAGAATAGGACTTGGTCTTATTTTGTTGGTTTGTTAAGGCTGAGTAATGATTAAGAGGGACAGTTGGGGGTATTTGTATTTCGGCGCTAGAGGTGAAATTCTTAGATTGCCGAAAGACAAACTGCTGCGAAAGCGTCTACCAAGGATGTTTTCATCG";"ATTCCAGCTCCAATAGCGTATATTAAAGTTGTTGCAGTTAAAAAGCTCGTAGTTGGATTTCTGGTGGGGCTGTCGGCCTGGCTCCGAAAGGGGTCGTGGTTAGCACACGCCTGGCCATCCTCGGGGGAAGCTTTGCTGGCATTAAGTTGTCGGCGGAGTGACGCTCGTCGTTTACTGTGAACAAATTAGAGTGTTCAAAGCAGGCTTAGGCCGTTGAATACATTAGCATGGAATAATGAGATAGGACTTTGGTGGTCTATTTTGTTGGTTTGCACGCCGAAGTAATGATTAATAGGGGCGGTTGGGGGTATTCGTATTCAATTGTCAGAGGTGAAATTCTTGGATTTATGGAAGACGAACTACTGCGAAAGCATTTACCAAGGATGTTTTCATCA";"ATTCCAGCTCCAATAGCGTATATTAAAGTTGTTGCAGTTAGAACGCTCGTAGTCGGATTTCGGGGCGAGCCTTCCGGTCTGCCGATGGGTATGCACTGGTCGGCGCGTCCTTCCTTCCGGAGACCGTGCCTACTCTTAACTGAGCGGGGGCGGGAGACGGAACTTTTACTTTGAAAAAATCAGAGTGTTTCAAGCAGGCAGCTTGCTCTTGCATGGATTAGCATGGGATAATGAAATAGGACTTTGGTGCTATTTTGTTGGTTTCGAACACCGAAGTAATGATGAGAAGGGACAGTCAGGGGCACTCGTATTCCGCCGAGAGAGGTGAAATTCTCAGACCAGCGGAAGACGAACCACTGCGAAAGCATTTGCCAGGGATGTTTTCATCA";"ATTCCAGCTCCAATAGCGTATATTAAAGTTGTTGCAGTTAAAAAGCTCGTAGTTGGATTTCTGGTGAGATATCTTTAGCCTGACCGAGAGGTCTTGTTTGATGATTATTTCGCCCTTCTTGTCAAGAACCTTTTGATCTTCATTGGTCGAAAGTGGACTGGCATCTTTTACTGTGAAAAAATTAGAGTGTTCAAAGCAGGCATCGCCGTTGAATACATTAGCATGGAATAATAAGATAGGACTTTGGTGGTCTATTTTGTTGGTTTGCACGCCAAAGTAATGATTAATAGGGATAGTTGGGGGTATTCGTATTCTATTGCTAGAGGTGAAATTCTTAAATTTATGGAAGACGAACTACTGCGAAAGCATTTACCAAGGATGTTTTCATTG";"ATTCCAGCTCCAATAGCGTATATTAAAGTTGTTGCAGTTAAAAAGCTCGTAGTCGGATTTCAGGGCGGGGCGACCGGTCTGCCGATGGGTATGCACTGGTCGGCGCGTCCTTGCTTCTGGAGACCGTGCCTACTCTTAACTGAGCGGGGACGGGAAACAGATCGTTTACTTTGAAAAAATCAGAGTGTTTAAAGCAGGCCAAGATTGCTCTTGCATGGATTAGCATGGGATAATGAAATAGGACTTTGGTGCTATTTTGTTGGTTTCGAACACCGAAGTAATGATTAACAGGGACAGTCAGGGGCACTCGTATTCCGCCGAGAGAGGTGAAATTCTCAGACCAGCGGAAGACGAACCACTGCGAAAGCATTTGCCAGGGATGTTTTCATCA";"ATTCCAGCTCCAATAGCATATGTTAATGTTGCTGCAGTTAAAAAGCTCGTAGTTGGATTTCTGTTTTGAAGAATGGGTCGTGCCTAAACAGGTTCTGTACTTTTTTCTTCGGAACATCCTCGAAGTGAGCGTGTCTGGCATTTAGTTGTTGGGCTCGGGACCTTCGTCATTTACTGTGAGCAAAATAGAGTGTTCAAAGCAGGCTTAGGCCATGAATATATTAGCATGGAATAATAAGATAGGACCTTGGTCTATTTTGTTGGTTTACATTCCAGGGTAATGATTAATAGGGATAGTTGGGGCTCCTCGTATTCAATTGTCAGAGGTGAAATTCTTGGATTTATTGAGGACGAACTACTGCGAAAGCATCGAGCAAGGATGTTTTCATTA";"ATTCCAGCTCCAATAGCGTATATTTAAGTTGTTGCAGTTAAAAAGCTCGTAGTTGGATTTCGGATGGGTGCAACCGGTCCGCCGTTGCGGTGTGCACTGGTCGCGCCCATCTTGCTGACGGGGACGCGCTCCTGGCCTTAACTGGCTGGGACGCGGAGTCGTCGATGTTACTTTGAAAAAATTAGAGTGTTCAAAGCAGGCCTAAGCTCTGAATACATTAGCATGGAATAACGCTATAGGACTCTTGTCTTATTGTGTTGGTCTTCGAGACGAGAGTAATGATTAAGAGGGACAGTTGGGGGCATTCGTATTTCATTGTCAGAGGTGAAATTCTTGGATTTATGAAAGACGAACTTCTGCGAAAGCATTTGCCAAGGATGTTTTCATCG";"ATTCCAGCTCCAATAGCGTATATTAAAGTTGTTGCAGTTAGAACGCTCGTAGTCGGATTTCGGGGCGGGCCGACCGGTCTGCCGATGGGTACGCACTGGTCGGCGCGTCCTTCCTTCCGGAGACTGTGCCTACTCTTAACTGAGCGGGGGCAGGAGACGGATCGTTTACTTTGAAAAAATCAGAGTGTTTCAAGCAGGCAGCTCGCTCTTGCATGGATTAGCATGGGATAATGAAATAGGACTTTGGTGCTATTTTGTTGGTTTCGAACACCGAAGTAATGATTAAAAGGGACAGTCAGGGGCACTCGTATTCCGCCGAGAGAGGTGAAATTCTCAGACCAGCGGAAGACGAACTACTGCGAAAGCATTTGCCAGGGATGTTTTCATCA";"ATTCCAGCTCCAATAGCGTATATTAAAGTTGTTGCAGTTAAAAAGCTCGTAGTTGGATTTCTGGTGGGCGCGACCGGTCCGCCCCGAAAGGGGTGAGCACTGGCGTCGCCGTCCGCCATCCTTGGGGAGAGCGCGTCTGGCATTCAGTTGTCGGGCGTGGGATCCCCATCGTTTACTGTGAGAAAATCAGAGTGTTCAAAGCAGGCTTACGCCTTGAATACATTAGCATGGAATAATAGTCGAGGCTCTTGGTCTGACTTGTTGGTTTGCAGCCCGAGAGAATGATTCAATAGGGATAGTTGGGGGTATTCGTATTCAATTGTCAGAGGTGAAATTCTTGGATTTATGGAAGACGAACTACTGCGAAAGCATTTACCAAGGATGTTTTCATCG";"ATTCCAGCTCCAATAGCGTATATTAAAGTTGTTGCAGTTAAAAAGCTCGTAGTTGGATTTGTGGCGTCCCTTGAGGTCCAATTTTGGTACTATTGAGGGATGCCATCCTTGGGTGGAACCTGTGTGGCATTAGGTTGTCGTGCAGGGGATGCCCATCTTTTACTGTGAAAAAATTAGAGTGTTCAAAGCAGGCTTATGCCGTTGAATATATTAGCATGGAATAATGAGATAGGACCTTGGTCTATTTTGTTGGTTAGTTTACCGAGGTAATGATTAATAGGGACAGTTGGGGGTATTCGTATTCCATTGTCAGAGGTGAAATTCTTGGATTTCTGGAAGACGAACTACTGCGAAAGCATTTACCAAGGATGTTTTCATTG";"ATTCCAGCTCCAATAGCGTATACTAAAGTTGTTGCAGTTAAAAAGCTCGTAGTTGAATTTCTGGTCTTGGACGGCGGTCTACCACAATTGTGGTACGTACCAACTGTCCGAGTCCATCCTCGGGGAAAACATGCCTGTGATTCAGTTCATGGGTATGGGATCCTCGTCATTTACTGTGAGCAAAATAGAGTGTTCAAAGCAGGCTTATGCCGTTGAATACATTAGCATGGAATAATAAGATAAGACCTTGGTCTATTTTGTTGGTTTGTACTCCAAGGTAATGATTAATAGGGATAGTTGGGGGTATTCGTATTCAATTGTCAGAGGTGAAATTCTTGGATTTATGGAAGACGAACTACTGCGAAAGCATTTACCAAGGATGTTTTCATCA";"ATTCCAGCTCCAATAGCGTATATTAAAGTTGTTGCAGTTAAAAAGCTCGTAGTTGGATTTCTGGCAGGAGTGACCGGTCACGCACTCTGTGCGTGAACTTGTGTTGTCTCTGGCCATCCTTGGGGAGATCCTGTTTGGCATTAAGTTGTCGGGCAGGGGATACCCATCGTTTACTGTGAAAAAATTAGAGTGTTTAAAGCAGGCTTATGCCGTTGAATATATTAGCATGGAATAATAAGATAGGACTTCGGAACTATTTTGTTGGTTTGCGTTACGAAGTAATGATTAAAAGGGATAGTTGGGGGTATTCGTATTCAGCTGTCAGAGGTGAAATTCTTGGATTTTCTGAAGACGAACTACTGCGAAAGCATTTACCAAGGATGTTTTCATTG";"ATTCCAGCTCCAATAGCATATGTTAATGTTGCTGCAGTTAAAAAGCTCGTAGTTGGATTTCTGTTTTGAAGAATGGGTCGTGCCTAAACAGGTTCTGTACTTTTTTCTTCGGAACATCCTCGAAGTGAGCGTGTCTGGCATTTAGTTGTTGGGCTCGGGACCTTCGTCATTTACTGTGAGCAAAATAGAGTGTTCAAAGCAGGCTTAGGCCATGAATATATTAGCATGGAATAATAAGATAGGACCTTGGTCTATTTTGTTGGTTTACATTCCAGGGTAATGATTAATAGGGATAGTTGGGGCTCCTCGTATTCAATTGTCAGAGGTGAAATTCTTGGATTTATTGAGGACGAACTACTGCGAAAGCATCGAGCAAGGATGTTTTCATCG";"ATTCCAGCTCCAACAGCGTATATTAAAGTTGTTGCAGTTAAAACGCTCGTAGTCGGATTTCGGGGCGGGCGGGCCGGTCTGCCGATGGGTATGCACTGGTCTGGCCGTCCTTCCTTCCGGAGACCGTGCGTGCTCTTAACTGAGTGCGCTCGGGAGACGGATCGTTTACTTTGAAAAAATCAGAGTGTTTCAAGCAGGCAGCTCGCTCTTGCATGGATTAGCATGGGATAATGAAATAGGACTTTGGTGCTATTTTGTTGGTTTCGAACACCGAAGTAATGATTAACAGGGACAGTCAGGGGCACTCGTATTCCGCCGAGAGAGGTGAAATTCTCAGACCAGCGGAAGACGAACCACTGCGAAAGCATTTGCCAGGGATGTTTTCATCA";"ATTCCAGCTCCAATAGCGTATATTAAAGTTGTTGCAGTTAAAACGCTCGTAGTCGGATTTCGGGGCGGCTTCGTCGGTCTGCCGATGGGTATGCACTGACGCGGGCGTCCTTCCTTCCGGAGACGCGTCCTACTCTTAGCTGAGCGGGGCGTGGAGACGGATCGTTTACTTTGAAAAAATCAGAGTGTTTCAAGCAGGCATCATCGCTCTTGCATGGATTAGCATGGGATAATGAAATAGGACTTTGGTGCTATTTTGTTGGTTTCGAACACCGAAGTAATGATTAACAGGGACAGTCAGGGGCACTCGTATTCCGCCGAGAGAGGTGAAATTCTCAGACCAGCGGAAGACGAACTACTGCGAAAGCATTTGCCAGGGATGTTTTCATCG";"ATTCCAGCTCCAATAGCGTATATTAAAGTTGTTGCAGTTAAAACGCTCGTAGTCGGATTTCGGGGCGGGCCGACCGGTCTGCCGATGGGTATGCACTGGCCGGCGCGTCCTTCCACCCGGAGACCGCGCCTACTCTTAACTGAGCGGGCGCGGGAGACGGGTCTTTTACTTTGAAAAAATCAGAGTGTTTCAAGCAGGCAGTCGCTCTTGCATGGATTAGCATGGGATAATGAAATAGGACTCTGGTGCTATTTTGTTGGTTTCGAACACCGGAGTAATGATTAACAGGGACAGTCAGGGGCACTCGTATTCCGCCGAGAGAGGTGAAATTCTCAGACCAGCGGAAGACGAACCACTGCGAAAGCATTTGCCAGGGATGTTTTCATCA";"ATTCCAGCTCCAATAGCGTATATTAAAGTTGTTGCAGTTAAAAAGCTCGTAGTTGGATTTCTGGTGGGAGCGTTGGGCCGGCCCTAAGGGTCTGAGCTCAAATGTTTTCCGCCATCCTTGGAGGGATGTTGTCTGGCATTAAGTTGTCGGGCTTCCGATCTCCATCGTTTACTGTGAAAAAATTAGAGTGTTCAAAGCAGGCTTATGCCGTTGAATACATTAGCATGGAATAATAAGATAGGACCCTGGTACTATTTTGTTGGTTTGCGTACCTAGGTAATGATTAATAGGGACAGTTGGGGATATTACTATTTCGTTGTCAGAGGTGAAATTCTTGGATTTACGAAAGAGTAACTACTGCGAAAGCATTTATCAAGGATGTTTTCATTA";"ATTCCAGCTCCAATAGCGTATACTAAAGTTGTTGCAGTTAAAAAGCTCGTAGTTGTATTTCTGGTCGCGGATGCCGGTCCGCCTCTAACGAGGTGCGTACCTGGCGTCTGTGTCCATCCTCGGGGAGAGCATGTCTGGCATTTGGTTGTCGGGCTTGGGATCCTCGTCATTTACTGTGAGCAAAATAGAGTGTTCAAAGCAGGCTTAGGCCGTTGAATACATTAGCATGGAATAATAAGATAGGACCTCGGTCTATTTTGTTGGTTTACATTCCGAGGTAATGATTAATAGGGATAGTTGGGGGTATTCGTATTCAATTGTCAGAGGTGAAATTCTTGGATTTATGGAAGACGAACAACTGCGAAAGCATTTACCAAGGATGTTTTCATCA";"ATTCCAGCTCTAATAGCGTATATTAAAGTTGTTGCAGTTAAAAAGCTCGTAGTCGGATGTCGGGCTCGGGGAGGCTGTAGGCCTTCGGTCGGACGGCATGTCCGGGCCTTTCTGCCTGGGGATCCTACTCTACTTAACTGTAGGGTAGTGGGACGCAGGCCGTTTACTTTGAAAAAATTAGAGTGTTCAAAGCAGGCCTACGCTTGAATACATTAGCATGGAATAATGGAATAGGACTTTGGTCTTATTTGTTGGTTTATGGGACCGAAGTAATGATTAACAGGGACAGTTGGGGCCGTTTATATTTCGTTGTCAGAGGTGAAATTCTTGGATTTACGAAAGATAAACTTCTGCGAAAGCATTCGGCAAGGATGTTTTCATCA";"ATTCCAGCTCCAATAGCGTATACTAAAGTTGTTGCAGTTAAAAAGCTCGTAGTTGGATTTCTGGTCGAGGCAGCCGGTCGGCACCAAGTGTGTTTGTACCAGGCGCCTCGTCCATTTTTGTAGAAGCTGTGTCTGTCATTCAGTTGTCGGGCATAGGGTCTGCATCATTTACTGTGAGCAAAATAGAGTGTTCAAAGCAGGCTTAGGCCATGAATACATTAGCATGGAATAATAAGATAAGACCTTGGTCTATTTTGTTGGTTAGCATTCCGAGGTAATGATTAATAGGGATAGTTGGGGGTATTCGTATTCAATTGTCAGAGGTGAAATTCTTGGATTTATTGAAGACGAACTACTGCGAAAGCATTTACCAAGGATGTTTTCATCA";"ATTCCAGCTCCAATAGCGTATATTAAAGTTGTTGCAGTTAAAAAGCTCGTAGTTGGATTTCTGGTGTGAGCGTCTTGCCGGCCCAAACGGGTCTGTGCAGGCACGCCTCTCGCCATCCTTGCGTCTAACTTGTCTGGCATTAAGTTGTCGGGCTTGGGAAGCGCATCGTTTACTGTGAAAAAATTAGAGTGTTCAAAGCAGGCTTACGCCGTTGAATACATTAGCATGGAATAATAAGATAGGACCTTGGTGCTATTTTGTTGGTTTGCGTACCGAGGTAATGATTAATAGGGACAGTTGGGGGTATTTGTATTCCATTGTCAGAGGTGAAATTCTTGGATTTATGGAAGACAAACTACTGCGAAAGCATTTACCAAGGATGTTTTCATCA";"ATTCCAGCTCCAATAGCGTATACTAAAGTTGTTGCAGTTAAAAAGCTCGTAGTTGAATTTCTGGTCGTGGCGACCGGTCCGCCCCTCACGGGGTGTGCACCTGGTCTCTGCGTCCATCCTCGGGGAGAGCGCGTCTGGCATTCAGTTGTCGGGCGCGGGATCCTCGTCATTTACTGTGAGCAAAATAGAGTGTTCAAAGCAGGCTTAGGCCGTTGAATACATTAGCATGGAATAATAAGATAGGACCTTGGTCTATTTTGTTGGTTTGCGTTCCAAGGTAATGATTAATAGGGATAGTTGGGGGTATTCGTATTCAATTGTCAGAGGTGAAATTCTTGGATTTATGGAAGACGAACTACTGCGAAAGCATTTACCAAGGATGTTTTCATCG";"ATTCCAGCTCCAATAGCGTATATTAAAGTTGTTGCAGTTAAAACGCTCGTAGTCGGATTTCGGGGCGGGCCGACCGGTCTGCCGATGGGTATGCACTGGCCGGCGCGTCCTTCCTTCCGGAGACCGTGCCTACTCTTAACTGAGCGGGTTCGGGAGACGGATCGTTTACTTTGAAAAAATCAGAGTGTTTCAAGCAGGCAGCTCGCTCTTGCATGGATTAGCATGGGATAATGAAATAGGACTTTGGTGCTATTTTGTTGGTTTCGAACACCGAAGTAATGATTAACAGGGACAGTCAGGGGCACTCGTATTCCGCCGAGAGAGGTGAAATTCTCAGACCAGCGGAAGACGAACCACTGCGAAAGCATTTGCCAGGGATGTTTTCATCA";"ATTCCAGCTCCAATAGCGTATATTAAAGTTGTTGCAGTTAAAAAGCTCGTAGTTGGATTTCTGGTGAGATATCTTTAGCCTGACCGAGAGGTCTTGTTTGATGATTATTTCGCCCTTCTTGTCAAGAACCTTTTGATCTTCATTGGTCGAAAGTGGACTGGCATCTTTTACTGTGAAAAAATTAGAGTGTTCAAAGCAGGCATCGCCGTTGAATACATTAGCATGGAATAATAAGATAGGACTTTGGTGGTCTATTTTGTTGGTTTGCACGCCAAAGTAATGATTAATAGGGATAGTTGGGGGTATTCGTATTCTATTGCTAGAGGTGAAATTCTTAAATTTATGGAAGACGAACTACTGCGAAAGCATTTACCAAGGATGTTTTCATCA";"ATTCCAGCTCCAATAGCGTATATTAAAGTTGTTGCAGTTAAAAAGCTCGTAGTTGGATTTCTGGCAGGAGTGACCGGTCACGCACTCTGTGCGTGAACTTGTGTTGTCTCTGGCCATCCTTGGGGAGATCCTGTTTGGCATTAAGTTGTCGGGCAGGGGATACCCATCGTTTACTGTGAAAAAATTAGAGTGTTTAAAGCAGGCTTATGCCGTTGAATATATTAGCATGGAATAATAAGATAGGACTTCGGAACTATTTTGTTGGTTTGCGTTACGAAGTAATGATTAAAAGGGATAGTTGGGGGTATTCGTATTCAGCTGTCAGAGGTGAAATTCTTGGATTTTCTGAAGACGAACTACTGCGAAAGCATTTACCAAGGATGTTTTCATTA";"ATTCCAGCTCCAATAGCGTATACTAAAGTTGTTGCAGTTAAAAAGCTCGTAGTTGAATTTCTGGTCTTGGACGGCGGTCTACCACAATTGTGGTACGTACCAACTGTCCGAGTCCATCCTCGGGGAAAACATGCCTGTGATTCAGTTCATGGGTATGGGATCCTCGTCATTTACTGTGAGCAAAATAGAGTGTTCAAAGCAGGCTTATGCCGTTGAATACATTAGCATGGAATAATAAGATAAGACCTTGGTCTATTTTGTTGGTTTGTACTCCAAGGTAATGATTAATAGGGATAGTTGGGGGTATTCGTATTCAATTGTCAGAGGTGAAATTCTTGGATTTATGGAAGACGAACTACTGCGAAAGCATTTACCAAGGATGTTTTCATCG";"ATTCCAGCTCCAATAGCGTATACTAAAGTTGTTGCAGTTAAAAAGCTCGTAGTTGAATTTCTAGGTGTAAAAGGCGGTCCTGCCTTCAGGGTTGTGTACCTCCCTTTTACGCCTATCCTCGTAGTGAACATGTATTCTTTTTATTAAGCGTATATGGGACCTGCGTCATTTACTGTGAGCAAAATAGAGTGTTCAAAGCAGGCTTTATGCCGTTGAATATATTAGCATGGAATAATAAGATATGACTTCTGTCTTTCTTGTTGGTTTGTATTCGGAAGTAATGATTAATAGGGATAGTTGGGGGTATTCGTATTCAATTGTCAGAGGTGAAATTCTTAGATTTATGGAAGACGAACTACTGCGAAAGCATTTACCAAGGATGTTTTCATTG";"ATTCCAGCTCCAATAGCGTATACTAAAGTTGTTGCAGTTAAAAAGCTCGTAGTTGGATTTCTGTTTTTAAAAATCGGTCGTAACCTCACGGTTTCTGTACCAGGTTTCTTAAATGCATCCTCAGGGTTCTGTTATCTGGTATTAATTTATCGGATTTCTGGTCCTTGTCATTTACTGTGAGCAAAATAGAGTGTTCAAAGCAGGCTTAGGCCATGAATACATTAGCATGGAATAATAAGATAGGACCTTGGTCTATTTTGTTGGTTTACATTCCAAGGTAATGATTAATAGGGATAGTTGGGGGTATTCGTATTCAATTGTCAGAGGTGAAATTCTTGGATTTATGGAAGACGAACTACTGCGAAAGCATTTACCAAGGATGTTTTCATTG";"ATTCCAGTTCCAATAGCGTATATTTAAGTTGTTGCAGTTAAAAAGCTCGTAGTCGGATTTGTGGTGTGTCCAGTCGGCCTTTGCTCTTTGAGTGACAGTGTTGTAACTGGTCTGCCATGTTTGGGTGGAATCTGTGTGGCATTAAGTTGTCGTGCAGGGGATGCCCATCGTTTACTGTGAAAAAATTAGAGTGTTCAAAGCAGGCTTATGCCTTGAATATATTAGCATGGAATAATAATATAGGACCTTGGTACTATTTTGTTGGTTTGCGCACTGAGGTAATGATTAAGAGGGACAGTTGGGGGTATTTGTATTCCATTGTCAGAGGTGAAATTCTTGGATTTTTGGAAGACAAACTACTGCGAAAGCATTTACCAAGGATGTTTTCATCA";"ATTCCAGCTCCAATAGCGTATATTAAAGTTGTTGCAGTTAGAACGCTCGTAGTCGGATTTCGGGGCGGGCCGGCCGGTCTGCCGATGGGTATGCACTGGTCGGCGCGTCCTTCCTTCCGGAGACCGTCCCTACTCTTAACTGAGCGGGGGCGGGAGACGGGACTTTTACTTTGAAAAAATCAGAGTGTTTCAAGCAGGCAGCTCGCTCTTGCATGGATTAGCATGGGATAATGAAATAGGACTTTGGTGCTATTTTGTTGGTTTCGAACACCGAAGTAATGATGAGAAGGGACAGTCAGGGGCACTCGTATTCCGCCGAGAGAGGTGAAATTCTCAGACCAGCGGAAGACGAACCACTGCGAAAGCATTTGCCAGGGATGTTTTCATCA";"ATTCCAGCTCCAATAGCGTATATTTAAGTTGTTGCAGTTAAAAAGCTCGTAGTTGGATTTCGGGTGGGTTGTAGCGGTCAGCCTTCGGTTAGTACTGCTACGGCCTACCTTTCTGCCGGGGACGAGCTCCTGGGCTTAACTGTCCGGGACTCGGAATCGGCGAGGTTACTTTGAGTAAATTAGAGTGTTCAAAGCAAGCCTACGCTCTGAATACATTAGCATGGAATAACACGATAGGACTCTGGCCTATCTTGTTGGTCTGTAGGACCGGAGTAATGATTAAGAGGGACAGTCGGGGGCATTCGTATTTCATTGTCAGAGGTGAAATTCTTGGATTTATGAAAGACGAACTTCTGCGAAAGCATTTGCCAAGGATGTTTTCATCA";"ATTCCAGCTCCAATAGCGTATATTAAAGTTGTTGTAGTTAAAAAGCTCGTAGTTTGATGTCTGGTGGGAGCAATCAGTATGGCACTTTGTGTCGTAGCTTGCATTGTCTCTGACCATCCTTGGAAAGAATCAGTCTGGCATTAGGTTGTCGGGCTGAAGATTTCCATCTTTTACTGTGAAAAAATTAGAGTGTTCAAAGCAGGCTTATGCCGTTGAATATATTAGCATGGAATAATGATATAGGACTTTGGTGCTATTTTGTTGGTTTACGTGCCATAGTAATGATTAATAGGGACAGTTGGGGGTATTTGTATTCCAATGTCAGAGGTGAAATTCTTGGATTTTTGGAAGACAAACTACTGCGAAAGCATTTACCAAGGATGTTTTCATTG";"ATTCCAGCTCTGTAAGCGTATACCAAAGTTGTTGCAGTTAAAACGCTCGTAGTCGGACTTTGGCGGTTTCGGGAGTGCTACGCGTCGTGCGTGCGCTTCGCAGGAACTGCTTTTGTGGGTTTCGCGTCGGATGAGGGCTGTTTATTCGGTAACGTCCGCACGCAACCACTGTTTACTGTGAGAAAATCAGAGTGCTCAAAGCAGGCATTTGCCGTGAATGTATTAGCATGGAATAATAGAATAGGACTTGGTCTTATTTTGTTGGTTTGTTAAGGCTGAGTAATGATTAAGAGGGACAGTTGGGGGTATTTGTATTTCGGCGCTAGAGGTGAAATTCTTAGATTGCCGAAAGACAAACTGCTGCGAAAGCGTCTACCAAGGATGTTTTCATTA";"ATTCCAGCTCCAATAGCGTATATTAAAGTTGTTGCAGTTAAAAAGCTCGTAGTTGGATTTGTGGCGTACGTTCGGCTCCCTTCGCCATTGTGTGTCGGTTTGCCTAGCGTTGCCATCCTTGGGTGGAATCTGTGTGGCATTAGGTTGTCGTGCAGGGGATACCCATCGTTTACTGTGAGAAAATTAGAGTGTTCAAAGCAGGCTTACGCCGTTGAATATATTAGCATGGAATAATAAGATAGGACCTTGGTACTATTTTGTTGGTTTGCGCACCGAGGTAATGATTAATAGGGATGGTTGGGGTTATTCGTATTTCATTGTCAGAGGTGAAATTCTTGGATTTTTGAAAGACGAACTACTGCGAAAGCATTTAACAAGGATGTTTTCATCG";"ATTCCAGCTCCAATAGCGTATATTAAAGTTGTTGCAGTTAGAACGCTCGTAGTCGGATTTCGGGGCGGGCCGACCGGTCTGCCGATGGGTACGCACTGGTCGGCGCGTCCTTCCTTCCGGAGACTGTGCCTACTCTTAACTGAGCGGGGGCAGGAGACGGATCGTTTACTTTGAAAAAATCAGAGTGTTTCAAGCAGGCAGCTCGCTCTTGCATGGATTAGCATGGGATAATGAAATAGGACTTTGGTGCTATTTTGTTGGTTTCGAACACCGAAGTAATGATTAAAAGGGACAGTCAGGGGCACTCGTATTCCGCCGAGAGAGGTGAAATTCTCAGACCAGCGGAAGACGAACTACTGCGAAAGCATTTGCCAGGGATGTTTTCATCG";"ATTCCAGCTCTGTAAGCGTATACCAAAGTTGTTGCAGTTAAAACGCTCGTAGTCGGACTTTGGCGGTTCCGGGAGTGCGCCGCGTCGTGCGGACACTTTGCAGGGACTGCTTTTGTGGGTTTAGCACAGGATGAGGGCTGTTTAATCGGTAACGTCTATGTGCAACCACTGTTTACTGTGAGAAAATCAAAGTGCTCAAAGCAGGCATTTGCCGTGAATGTATTAGCATGGAATAATAGAATAGGACTTGGTCTTATTTTGTTGGTTTGTTAAGGCTGAGTAATGATTAAGAGGGACAGTTGGGGGTATTTGTATTTCGGCGCTAGAGGTGAAATTCTTAGATTGCCGAAAGACAAACTGCTGCGAAAGCGTCTACCAAGGATGTTTTCATCG";"ATTCCAGCTCCAATAGCGTATACTAAAGTTGTTGCAGTTAAAAAGCTCGTAGTTGAATTTCTAGGTGTGAAAGGCGGTCCTGCCTTCAGGGTTGTGTACCTCCCTTTCACGCCTATCCTCGTAGTGAACATGTATTCTTTTAATTAAGCGTATATGGGACCTGCGTCATTTACTGTGAGCAAAATAGAGTGTTCAAAGCAGGCTTATGCCGTTGAATATATTAGCATGGAATAATAAGATATGACTTCTGTCTTTCTTGTTGGTTTGTATTCGGAAGTAATGATTAATAGGGATAGTTGGGGGTATTCGTATTCAATTGTCAGAGGTGAAATTCTTAGATTTATGGAAGACGAACTACTGCGAAAGCATTTACCAAGGATGTTTTCATTG";"ATTCCAGCTCTGTAAGCGTATACCAAAGTTGTTGCAGTTAAAACGCTCGTAGTCGGACTTTGGCGGTTCCGGGAGTGCGCCGCGTCGTGCGGACACTTTGCAGGGACTGCTTTTGTGGGTTTAGCACAGGATGAGGGCTGTTTAATCGGTAACGTCTATGTGCAACCACTGTTTACTGTGAGAAAATCAAAGTGCTCAAAGCAGGCATTTGCCGTGAATGTATTAGCATGGAATAATAGAATAGGACTCTGTCTTATTTTGTTGGTTTGTTAAGGCTGAGTAATGATTAAGAGGGACAGTTGGGGGCATTTGTATTTCGGCGCTAGAGGTGAAATTCTTAGATTGCCGAAAGACAAACTGCTGCGAAAGCGTCTGCCAAGGATGTTTTCATTA";"ATTCCAGCTCCAATAGCGTATATTTAAGTTGTTGCAGTTAAAAAGCTCGTAGTTGGATTTTGGGTGCGGCAGGCCGGTCCGCCGTTTCGGTGTGCACTGGCAGGCGGCATCTTTCTGCCGAGGACGCGCTCCTGGTCTTTATCTGATCGGGACGCGGAGTCGGCGCAGTTACTTTGAAAAAATTAGAGTGTTCAAAGCGGGCCTACGCTTGAATATATTAGCATGGAATAACACTATAGGACTCCTGTCCTATCTCGTTGGTCTCGGGATGGGAGTAATGATTAAGAGGAACAGTTGGGGGCATTCGTATTTCATTGTCAGAGGTGAAATTCTTGGATTTATGAAAGACGAACTTCTGCGAAAGCATTTGCCAAGGATGTTTTCATCG";"ATTCCAGCTCCAATAGCGTATATTTAAGTTGTTGCAGTTAAAAAGCTCGTAGTTGGATTTTGGGTGCGGCAGGCCGGTCCGCCGTTTCGGTGTGCACTGGCAGGCGGCATCTTTCTGTCGAGGACGCGCTCCTGGTCTTTATTTGATCGGGACGCGGAGTCGGCGCAGTTACTTTGAAAAAATTAGAGTGTTCAAAGCGGGCCTACGCTTGAATATATTAGCATGGAATAACACTATAGGACTCCTGTCCTATCTCGTTGGTCTCGGGATGGGAGTAATGATTAAGAGGAACAGTTGGGGGCATTCGTATTTCATTGTCAGAGGTGAAATTCTTGGATTTATGAAAGACGAACTTCTGCGAAAGCATTTGCCAAGGATGTTTTCATCA";"ATTCCAGCTCTGTAAGCGTATACCAAAGTTGTTGCAGTTAAAACGCTCGTAGTCGGACTTTGGCGGTTCCGGGAGTGCGCCGCGTCGTGCGGACACTTTGCAGGGACTGCTTTTGTGGGTTTAGCACAGGATGAGGGCTGTTTAATCGGTAACGTCTATGTGCAACCACTGTTTACTGTGAGAAAATCAAAGTGCTCAAAGCAGGCATTTGCCGTGAATGTATTAGCATGGAATAATAGAATAGGACTCTGTCTTATTTTGTTGGTTTGTTAAGGCTGAGTAATGATTAAGAGGGACAGTTGGGGGCATTTGTATTTCGGCGCTAGAGGTGAAATTCTTAGATTGCCGAAAGACAAACTGCTGCGAAAGCGTCTGCCAAGGATGTTTTCATTG";"ATTCCAGCTCCAATAGCGTATATTAAAGTTGTTGCAGTTAAAACGCTCGTAGTCGGATTTCGGGGCGGGCCGACCGGTCTGCCGATGGGTATGCACTGGCCGGCGCGTCCTTCCTTCCGGAGACCGTGCCTACTCTTAACTGAGCGGGTTCGGGAGACGGATCGTTTACTTTGAAAAAATCAGAGTGTTTCAAGCAGGCAGCTCGCTCTTGCATGGATTAGCATGGGATAATGAAATAGGACTTTGGTGCTATTTTGTTGGTTTCGAACACCGAAGTAATGATTAACAGGGACAGTCAGGGGCACTCGTATTCCGCCGAGAGAGGTGAAATTCTCAGACCAGCGGAAGACGAACCACTGCGAAAGCATTTGCCAGGGATGTTTTCATCG";"ATTCCAGCTCCAATAGCGTATATTTAAGTTGCTGCAGTTAAAAAGCTCGTAGTTGGATTTTGGGTGCGGCAGGCCGGTCCGCCGTTTCGGTGTGCACTGGCAGGCGGCATCTTTCTGTCGAGGACGCGCTCCCGGTCTTAATCGATCGGGACGCGGAGTCGGCGCAGTTACTTTGAAAAAATTAGAGTGTTCAAAGCGGGCCTACGCTTGAATATATTAGCATGGAATAACACTATAGGACTCCTGTCCTATCTCGTTGGTCTCGGGATGGGAGTAATGATTAAGAGGAACAGTTGGGGGCATTCGTATTTCATTGTCAGAGGTGAAATTCTTGGATTTATGAAAGACGAACTTCTGCGAAAGCATTTGCCAAGGATGTTTTCATCA";"ATTCCAGCTCCAATAGCGTATACTAAAGTTGTTGCAGTTAAAAAGCTCGTAGTTGGATTTCTGGTTGCAGTCGTCGGTCGTTCCCAAACGGGTTCCGTACCTGATGTGCTGTGTCCATCCTCGGAGTTCTGCCGTCTGGCATTCAGTTGTTGGGCGGACGGTCTCCGTCATTTACTGTGAGCAAAATAGAGTGTTCAAAGCAGGCTTAGGCCATGAATACATTAGCATGGAATAATAAGATAGGACCTTGGTCTATTTTGTTGGTTTACATTCCAAGGTAATGATTAATAGGGATAGTTGGGGGTATTCGTATTCAATTGTCAGAGGTGAAATTCTTGGATTTATGGAAGACGAACTACTGCGAAAGCATTTACCAAGGATGTTTTCATCA";"ATTCCAGCTCCAATAGCGTATATTTAAGTTGTTGCAGTTAAAAAGCTCGTAGTTGGATTTTGGGTGCGGCAGGCCGGTCCGCCGTTTCGGTGTGCACTGGCAGGCGGCATCTTTCTGCCGAGGACGCGCTCCTGGTCTTTATCTGATCGGGACGCGGAGTCGGCGCAGTTACTTTGAAAAAATTAGAGTGTTCAAAGCGGGCCTACGCTTGAATATATTAGCATGGAATAACACTATAGGACTCCTGTCCTATCTCGTTGGTCTCGGGATGGGAGTAATGATTAAGAGGAACAGTTGGGGGCATTCGTATTTCATTGTCAGAGGTGAAATTCTTGGATTTATGAAAGACGAACTTCTGCGAAAGCATTTGCCAAGGATGTTTTCATTA";"ATTCCAGCTCTGTAAGCGTATACCCAAGTTGTTGCAGTTAAAACGCTCGTAGTCGGAAGTTGGCGGGCGAGCTGGGGCGTCTTCGCGGACGGACCTGGATCGGCCGCCTTTGTGGAGGGGGGCGCGGGGCCGCTTGAGTGCGGACTCGTTGTCGCTGCCACCGTTTACTGTGAAAAAATTAGAGTGTTCAAAGCGGGCGTTTGCCATGAATACCTTAGCATGGAATAATAGAATAGGACCTGTGTTCTGTTTTATTGGTTTGTGAGGACCGGGTAATGATTAAGAGGGACGGTTGGGGGCATTTGTATTCCGGCGTCAGAGGTGAAATTCTTGGATTGTCGGAAGACAAACGGCTGCGAAAGCGTCTGCCAAGGACGTTTTCATCG";"ATTCCAGCTCCAATAGCGTATATTTAAGTTGTTGCAGTTAAAAAGCTCGTAGTTGGATTTTGGGTGCGGCAGGCCGGTCCGCCCTTGGGGTGTGCACTGGCAGGCGGCATCTTTCTGTCGAGGACGCGCGCCTGGCCTTCACTGGTCGGGCCGCGGAGTCGGCGCAGTTACTTTGAAAAAATTAGAGTGTTCAAAGCGGGCCTACGCTTGAATATATTAGCATGGAATAACACTATAGGACTCCTGTCCTATCTCGTTGGTCTCGGGATGGGAGTAATGATTAAGAGGAACAGTTGGGGGCATTCGTATTTCATTGTCAGAGGTGAAATTCTTGGATTTATGAAAGACGAACTTCTGCGAAAGCATTTGCCAAGGATGTTTTCATCA";"ATTCCAGCTCCAATAGCGTATATTAAAGTTGTTGCAGTTAAAAAGCTCGTAGTTGGATTTGTGGTGTGTCCAGCTGGCCTTTGCTCTTTGAGTGATTGTGCTGTGCTGGTCTGCCATGTTTGGGTGGAATCTGTGTGGCATTAAGTTGTCGTGCAGGGGATGCCCATCGTTTACTGTGAAAAAATTAGAGTGTTCAAAGCAGGCTTATGCCGTTGAATATATTAGCATGGAATAATGATATAGGACCTTGGTACTATTTTGTTGGTTTGCGCACTAAGGTAATGATTAAGAGGGACAGTTGGGGGTATTTGTATTCCATTGTCAGAGGTGAAATTCTTAGATTTTTGGAAGACAAACTACTGCGAAAGCATTTACCAAGGATGTTTTCATTG";"ATTCCAGCTCCAATAGCGTATATTAAAGTTGTTGCAGTTAAAAAGCTCGTAGTTGGATTTGTGGCGTACGGTGAGTTCCGGGCACTTGTTGTCTGAGTAACCTGCTGTTGCCATCCTTGGGTGGAACCTGTGTGGCATTAGGTTGTCGTGCAGGGGATGCCCATCATTTACTGTGAAAAAATTAGAGTGTTCAAAGCAGGCTTATGCCGTTGAATATATTAGCATGGAATAATGAGATAGGACTTTTTTGCTATTTTGTTGGTTTGCGCAAAGAGGTAATGATTAATAGGGACAGTTGGGGGTATTCGTATTCCATTGTCAGAGGTGAAATTCTTGGATTTTTGGAAGACGAACTACTGCGAAAGCATTTACCAAGGATGTTTTCATCG";"ATTCCAGCTCCAATAGCGTATATTAAAGTTGTTGCAGTTAAAAAGCTCGTAGTTGGATTTCTGGTGGGAGCGTTGGGCCGGCCCTAAGGGTCTGTGCTCAAATGTTTTCCGCCATCCTTGAGTGGAACTTTTCTGGCATTCAGTTGTCGGGATTGCTAAACTCATCATTTACTGTGAAAAAATTAGAGTGTTCAAAGCAGGCTTATGCCGTTGAATACATTAGCATGGAATAATAAGATAGGACCCTGGTACTATTTTGTTGGTTTGCGTACCTAGGTAATGATTAATAGGGACAGTTGGGGGTATTTGTATTCCGTTGTCAGAGGTGAAATTCTTGGATTTACGGAAGACAAACTACTGCGAAAGCATTTACCAAGGATGTTTTCATTG";"ATTCCAGCTCCAACAGCGTATATTAAAGTTGTTGCAGTTAAAACGCTCGTAGTCGGATTTCGGGGCGGGCGGGCCGGTCTGCCGATGGGTATGCACTGGTCTGGCCGTCCTTCCTTCCGGAGACCGTGCGTGCTCTTAACTGAGTGCGCTCGGGAGACGGATCGTTTACTTTGAAAAAATCAGAGTGTTTCAAGCAGGCAGCTCGCTCTTGCATGGATTAGCATGGGATAATGAAATAGGACTTTGGTGCTATTTTGTTGGTTTCGAACACCGAAGTAATGATTAACAGGGACAGTCAGGGGCACTCGTATTCCGCCGAGAGAGGTGAAATTCTCAGACCAGCGGAAGACGAACCACTGCGAAAGCATTTGCCAGGGATGTTTTCATCG";"ATTCCAGCTCCAATAGCGTATATTTAAGTTGTTGCAGTTAAAAAGCTCGTAGTTGGATTTTGGGTGCGGCAGGCCGGTCCGCCGTTTCGGTGTGCACTGGCAGGCGGCATCTTTCTGTCGAGGACGCGCTCCTGGTCTTTATTTGATCGGGACGCGGAGTCGGCGCAGTTACTTTGAAAAAATTAGAGTGTTCAAAGCGGGCCTACGCTTGAATATATTAGCATGGAATAACACTATAGGACTCCTGTCCTATCTCGTTGGTCTCGGGATGGGAGTAATGATTAAGAGGAACAGTTGGGGGCATTCGTATTTCATTGTCAGAGGTGAAATTCTTGGATTTATGAAAGACGAACTTCTGCGAAAGCATTTGCCAAGGATGTTTTCATCG";"ATTCCAGCTCCAATAGCGTATATTAAAGTTGTTGCAGTTAAAACGCTCGTAGTCGGATTTCGGGGCGGGCCGACCGGTCTGCCGATGGGTATGCACTGGCCGGCGCGTCCTTCCACCCGGAGACCGCGCCTACTCTTAACTGAGCGGGCGCGGGAGACGGGTCTTTTACTTTGAAAAAATCAGAGTGTTTCAAGCAGGCAGTCGCTCTTGCATGGATTAGCATGGGATAATGAAATAGGACTTTGGTGCTATTTTGTTGGTTTCGAACACCGAAGTAATGATTAACAGGGACAGTCAGGGGCACTCGTATTCCGCCGAGAGAGGTGAAATTCTCAGACCAGCGGAAGACGAACTACTGCGAAAGCATTTGCCAGGGATGTTTTCATCG";"ATTCCAGCTCCAATAGCGTATACTAAAGTTGTTGCAGTTAAAAAGCTCGTAGTTGGATTTCTGGTCGTGGAAATCGGTCCGCTCCTCACGGAGTGTGCACCAGATTTCTGCATCCATCTTCGGAGAAAACATATCTGGCATTAAGTTGTCGGGTGTGAGATCTTCGTCATTTACTGTGAGCAAAATAGAGTGTTCAAAGCAGGCTTAGGCCGTTGAATACATTAGCATGGAATAATAAGATAGGACCTTGGTCTATTTTGTTGGTTTGCATTCCAAGGTAATGATTAATAGGGATAGTTGGGGGTATTCGTATTCAATTGTCAGAGGTGAAATTCTTGGATTTATGGAAGACGAACTACTGCGAAAGCATTTACCAAGGATGTTTTCATCA";"ATTCCAGCTCCAATAGCGTATATTTAAGTTGTTGCAGTTAAAAAGCTCGTAGTTGGATTTCGGGTGCGGCAGGCCGGTCCGCCGTTTCGGTGTGCACTGGCAGGCGGCATCTTTCTGTCGAGGACGCGCGCCTGGCCTTCACTGGTCGGGCCGCGGAGTCGGCGCGGTTACTTTGAAAAAATTAGAGTGTTCAAAGCGGGCCTACGCTTGAATATATTAGCATGGAATAACACTATAGGACTCCTGTCCTATCTCGTTGGTCTCGGGATGGGAGTAATGATTAAGAGGAACAGTTGGGGGCATTCGTATTTCATTGTCAGAGGTGAAATTCTTGGATTTATGAAAGACGAACTTCTGCGAAAGCATTTGCCAAGGATGTTTTCATTA";"ATTCCAGCTCCAATAGCGTATATTAAAGTTGTTGCAGTTAAAACGCTCGTAGTCGGATTTCGGGGCGAACTGGCCGGTCTGCCGATGGGTATGCACTGGTCGGGGCGTCCTTCCTTCCGGAGACCGGTCCTACTCTTAACTGAGCGGGGTCGGGAGTCGGATCGTTTACTTTGAAAAAATCAGAGTGTTTCAAGCAGGCAGCTCGCTCTTGCATGGATTAGCATGGGATAATGAAATAGGACTTTGGTGCTATTTTGTTGGTTTCGAACACCGAAGTAATGATTAACAGGGACAGTCAGGGGCACTCGTATTCCGCCGAGAGAGGTGAAATTCTCAGACCAGCGGAAGACGAACCACTGCGAAAGCATTTGCCAGGGATGTTTTCATCG";"ATTCCAGCTCCAATAGCGTATATTTAAGTTGTTGCAGTTAAAAAGCTCGTAGTTGGATTTTGGGTGCGGCAGGCCGGTCCGCCGTTTCGGTGTGCACTGGCAGGCGGCATCTTTCTGTCGAGGACGCGCTCCTGGTCTTTATCTGATCGGGACGCGGAGTCGGCGCAGTTACTTTGAAAAAATTAGAGTGTTCAAAGCGGGCCTACGCTTGAATATATTAGCATGGAATAACACTATAGGACTCCTGTCCTATCTCGTTGGTCTCGGGATGGGAGTAATGATTAAGAGGAACAGTTGGGGGCATTCGTATTTCATTGTCAGAGGTGAAATTCTTGGATTTATGAAAGACGAACTTCTGCGAAAGCATTTGCCAAGGATGTTTTCATCA";"ATTCCAGCTCCAATAGCGTATATTAAAGTTGTTGCAGTTAAAAAGCTCGTAGTTGAATTTCTGGTGGGGGTGTACAGTCCGACACTGAGTGTTGGTTCTTGTGTGTCTCCAGCCATCCTTGGAGTGAATCTGTCTGGCATTCAGTTGTTGGGCAGAGTATCTCCATCGTTTACTGTGAGGAAATGAAAGTGTTCAAAGCAGGCTTACGCCGTTGAATCTTTTAGCATGGAATAATAAGATAGGATCTTGATACTATTTTGTTGGTTTGCGTGTTAAGATAATGATGAATAGGGACAGTTGGGGGTATTTGTATTCCATAGTCAGAGGTGAAATTCTTGGATTTATGGAAGACAAACTAATGCGAAAGCATCTACCAAGGATGTTTTCATTG";"ATTCCAGCTCTGTAAGCGTATATCAAAGTTGTTGCAGTTAAAACGCTCGTAGTCGGATTTTGGTAGTTCCGGGAGTGTGCGCGTCGAGCGCGTGCTTCGCAGGGGCTGCTTTTGTGGGCATGCGTAGGATGAGGCAACTTTATTGTTGAACGTCCTTCACGCGACCACCATTTACTGTGAAAAAATTAAAGTGTTCAAAGCAGGCATTTGTCGTGAATACATTAGCATGGAATAATTGAATAGGACTTGGTCTTATTTTGTTGGTTTGTTATGGCCGAGTAATGATTAAAAGGGACAGTTGGGGGCATTTGTATTCCGGAGCTAGAGGTGAAATTCTTAGATTTCCGGAAGACAAACCGCTGCGAAAGCGTCTGCCAAGGATGTTTTCATCG";"ATTCCAGCTCCAATAGCGTATACTAAAGTTGTTGCAGTTAAAAAGCTCGTAGTTGGATTTCTAATCTCTCTTGGGGTTCCTTTTCTAAAGAATTGCGCGACCATTCAAGAGAGATTATCCTCGTGCCTAGCCTTTCTCACTTTCATTAGTCAGGAAGGGGACGCACGTCATTTACTGTGAGCAAAATAGAGTGTTCAAAGCAGGCTTAGGCCATGAATATATTAGCATGGAATAATAAGATAGGACCTTGGTCTATTTTGTTGGTTTACATTCCAAGGTAATGATTAATAGGGATAGTTGGGGGTATTCGTATTCAATTGTCAGAGGTGAAATTCTTGGATTTATGGAAGACGAACTACTGCGAAAGCATTTACCAAGGATGTTTTCATTA";"ATTCCAGCTCCAATAGCGTATATTTAAGTTGTTGCAGTTAAAAAGCTCGTAGTTGGATTTTGGGTGCGGCAGGCCGGTCCGCCGTTTCGGTGTGCACTGGCAGGCGGCATCTTTCTGTCGAGGACGCGCTCCTGGCTTTAACTGGTCGGGACGTGGAGTCGGCGCAGTTACTTTGAAAAAATTAGAGTGTTCAAAGCGGGCCTACGCTTGAATATATTAGCATGGAATAACACTATAGGACTCCTGTCCTATCTCGTTGGTCTCGGGATGGGAGTAATGATTAAGAGGAACAGTTGGGGGCATTCGTATTTCATTGTCAGAGGTGAAATTCTTGGATTTATGAAAGACGAACTTCTGCGAAAGCATTTGCCAAGGATGTTTTCATCA";"ATTCCAGCTCCAATAGCGTATATTAAAGTTGTTGCAGTTAAAACGCTCGTAGTCGGATTTCGGGGCCTGCCTGCTGGTCTGCCGATGGGTATGCACTGGCAGGCGCGTCCTTCCTTCCGGAGACTGTCCCTACTCTTAACTGAGCGGGGTCGGGAGACGGATCGTTTACTTTGAAAAAATCAGAGTGTTTCAAGCAGGCAGCTCGCTCTTGCATGGATTAGCATGGGATAATGAAATAGGACTTTGGTGCTATTTTGTTGGTTTCGAACACCGAAGTAATGATTAACAGGGACAGTCAGGGGCACTCGTATTCCGCCGAGAGAGGTGAAATTCTCAGACCAGCGGAAGACGAACTACTGCGAAAGCATTTGCCAGGGATGTTTTCATCG";"ATTCCAGCTCCAATAGCGTATATTAAAGTTGTTGCAGTTAAAAAGCTCGTAGTTGGATTTCTGGTTGGGCTGGTGGGTCTGCTCTTTGAGTATGCACCTATCCAGTTTGACCATCCTTTGGGAGAACCATAGTGGCATTAAGTTGTTGGTGTGGATATCCCAATCTTTTACTGTGAAGAAATTAGAGTGTTCAAAGCAGGCTTACGCCGTTGAATATATTAGCATGGAATAATGACATAGGACTATTGTACTATTTTGTTGGTTTGTGCGCAATAGTAATGATTAACAGGGACAGTTGGGGGTATTTGTATTCCATTGTCAGAGGTGAAATTCTTGGATTTCTGGAAGACAAACTACTGCGAAAGCATTTACCAAAGATGTTTTCATCA"
"C1A17";0;0;0;0;0;0;0;0;0;0;0;0;0;0;0;0;0;0;0;0;0;0;0;0;0;0;0;0;0;0;0;0;0;0;0;0;0;0;0;0;0;0;0;0;0;0;0;0;0;0;0;0;0;0;0;0;0;0;0;0;0;0;0;0;0;0;0;0;0;0;0;0;0;0;0;0;0;0;0;0;0;0;0;0;0
"C1F18";0;0;0;0;0;0;0;0;0;0;0;0;0;0;0;0;0;0;0;0;0;0;0;0;0;0;0;0;0;0;0;0;0;0;0;0;0;0;0;0;0;0;0;0;0;0;0;0;0;0;0;0;0;0;0;0;0;0;0;0;0;0;0;0;0;0;0;0;0;0;0;0;0;0;0;0;0;0;0;0;0;0;0;0;0
"C1A18";0;0;0;0;0;0;0;0;0;0;0;0;0;0;0;0;0;0;0;0;0;0;0;0;0;0;0;0;0;0;0;0;0;0;0;0;0;0;0;0;0;0;0;0;0;0;0;0;0;0;0;0;0;0;0;0;0;0;0;0;0;0;0;0;0;0;0;0;0;0;0;0;0;0;0;0;0;0;0;0;0;0;0;0;0
"C2A17";0;0;0;0;0;0;0;0;0;0;0;0;0;0;0;0;0;0;0;0;0;0;0;0;0;0;0;0;0;0;0;0;0;0;0;0;0;0;0;0;0;0;0;0;0;0;0;0;0;0;0;0;0;0;0;0;0;0;0;0;0;0;0;0;0;0;0;0;0;0;0;0;0;0;0;0;0;0;0;0;0;0;0;0;0
"C2F18";0;0;0;0;0;0;0;0;0;0;0;0;0;0;0;0;0;0;0;0;0;0;0;0;0;0;0;0;0;0;0;0;0;0;0;0;0;0;0;0;0;0;0;0;0;0;0;0;0;0;0;0;0;0;0;0;0;0;0;0;0;0;0;0;0;0;0;0;0;0;0;0;0;0;0;0;0;0;0;0;0;0;0;0;0
"C2A18";0;0;0;0;0;0;0;0;0;0;0;0;0;0;0;0;0;0;0;0;0;0;0;0;0;0;0;0;0;0;0;0;0;0;0;0;0;0;0;0;0;0;0;0;0;0;0;0;0;0;0;0;0;0;0;0;0;0;0;0;0;0;0;0;0;0;0;0;0;0;0;0;0;0;0;0;0;0;0;0;0;0;0;0;0
"C3A17";0;0;0;0;0;0;0;0;0;0;0;0;0;0;0;0;0;0;0;0;0;0;0;0;0;0;0;0;0;0;0;0;0;0;0;0;0;0;0;0;0;0;0;0;0;0;0;0;0;0;0;0;0;0;0;0;0;0;0;0;0;0;0;0;0;0;0;0;0;0;0;0;0;0;0;0;0;0;0;0;0;0;0;0;0
"C3F18";0;0;0;0;0;0;0;0;0;0;0;0;0;0;0;0;0;0;0;0;0;0;0;0;0;0;0;0;0;0;0;0;0;0;0;0;0;0;0;0;0;0;0;0;0;0;0;0;0;0;0;0;0;0;0;0;0;0;0;0;0;0;0;0;0;0;0;0;0;0;0;0;0;0;0;0;0;0;0;0;0;0;0;0;0
"C3A18";0;0;0;0;0;0;0;0;0;0;0;0;0;0;0;0;0;0;0;0;0;0;0;0;0;0;0;0;0;0;0;0;0;0;0;0;0;0;0;0;0;0;0;0;0;0;0;0;0;0;0;0;0;0;0;0;0;0;0;0;0;0;0;0;0;0;0;0;0;0;0;0;0;0;0;0;0;0;0;0;0;0;0;0;0
"C4A17";0;0;0;0;0;0;0;0;0;0;0;0;0;0;0;0;0;0;0;0;0;0;0;0;0;0;0;0;0;0;0;0;0;0;0;0;0;0;0;0;0;0;0;0;0;0;0;0;0;0;0;0;0;0;0;0;0;0;0;0;0;0;0;0;0;0;0;0;0;0;0;0;0;0;0;0;0;0;0;0;0;0;0;0;0
"C4F18";0;0;0;0;0;0;0;0;0;0;0;0;0;0;0;0;0;0;0;0;0;0;0;0;0;0;0;0;0;0;0;0;0;0;0;0;0;0;0;0;0;0;0;0;0;0;0;0;0;0;0;0;0;0;0;0;0;0;0;0;0;0;0;0;0;0;0;0;0;0;0;0;0;0;0;0;0;0;0;0;0;0;0;0;0
"C4A18";0;0;0;0;0;0;0;0;0;0;0;0;0;0;0;0;0;0;0;0;0;0;0;0;0;0;0;0;0;0;0;0;0;0;0;0;0;0;0;0;0;0;0;0;0;0;0;0;0;0;0;0;0;0;0;0;0;0;0;0;0;0;0;0;0;0;0;0;0;0;0;0;0;0;0;0;0;0;0;0;0;0;0;0;0
"F1A17";0;41;0;0;0;0;64;23;0;0;16;0;0;0;56;0;0;0;0;0;41;0;0;0;0;0;0;0;0;12;11;0;0;0;0;11;0;0;0;0;0;0;21;0;18;0;17;18;0;0;0;0;0;0;13;0;15;0;0;0;0;11;0;0;0;0;0;0;0;0;11;0;0;10;0;0;0;0;0;0;0;0;0;0;0
"F1F18";112;0;0;0;0;0;0;0;0;0;0;0;0;0;0;0;0;0;0;0;0;0;0;0;0;0;0;0;0;0;0;6;0;0;0;0;0;0;0;0;0;0;0;16;0;0;0;0;0;0;0;0;0;0;0;0;0;5;0;0;0;0;0;0;0;0;0;0;0;0;0;10;0;0;9;0;0;0;0;0;0;0;0;0;0
"F1A18";0;0;0;0;31;0;0;0;0;0;0;0;0;0;0;0;0;0;0;0;0;0;5;30;0;20;0;0;0;0;0;0;0;0;0;0;0;0;0;0;0;0;0;0;0;0;0;0;0;0;0;0;0;0;0;0;0;7;0;0;0;0;0;0;0;0;0;0;0;0;0;0;0;0;0;0;0;0;0;0;0;0;0;0;0
"F2A17";0;87;0;0;0;67;0;11;0;0;0;57;40;0;0;0;47;0;0;0;0;36;0;0;0;0;0;0;0;11;0;0;26;0;0;0;0;0;0;0;0;0;0;0;0;0;0;0;0;0;0;0;0;0;0;0;0;0;0;0;0;0;12;12;0;0;0;0;0;0;0;0;12;0;0;9;11;11;5;0;0;0;0;0;0
"F2F18";61;0;0;0;0;0;0;0;19;0;0;0;0;0;0;0;0;6;0;0;0;0;0;0;11;0;3;0;0;0;0;0;0;19;0;0;0;16;0;0;0;0;0;0;0;0;0;0;17;0;0;0;0;0;0;15;0;0;11;10;0;0;0;0;0;0;0;0;0;0;0;0;0;0;0;0;0;0;0;7;0;0;0;0;0
"F2A18";0;0;28;0;0;0;0;4;0;0;0;0;0;0;0;0;0;0;0;0;0;0;0;0;0;0;0;0;0;0;0;0;0;0;0;0;0;0;0;0;0;0;0;0;0;0;0;0;0;0;16;0;13;0;0;0;0;0;0;0;0;0;0;0;0;0;0;0;0;0;0;0;0;0;0;0;0;0;0;0;0;0;0;0;0
"F3A17";0;0;0;0;0;0;0;2;0;0;0;0;0;53;0;0;0;0;0;0;0;0;0;0;0;0;0;0;0;0;11;0;0;0;0;0;0;0;20;0;0;0;0;0;0;0;0;0;0;0;0;0;0;0;0;0;0;0;0;0;0;0;0;0;11;0;0;0;0;0;0;0;0;0;0;0;0;0;0;0;0;0;0;0;0
"F3F18";0;0;0;58;0;0;0;0;16;0;0;0;0;0;0;41;0;16;16;13;0;0;0;0;12;0;10;20;20;0;0;0;0;0;0;1;0;0;0;16;0;0;0;0;0;0;0;0;0;0;0;4;0;0;0;0;0;0;0;0;12;0;0;0;0;10;10;0;0;0;0;0;0;0;0;0;0;0;0;0;0;0;0;0;0
"F3A18";0;0;11;0;32;0;0;8;0;16;0;0;0;0;0;0;0;0;0;0;0;0;22;0;0;0;0;0;0;0;0;0;0;0;0;0;0;0;0;0;0;0;0;0;0;15;0;0;0;0;0;0;0;0;0;0;0;0;0;0;0;0;0;0;0;0;0;2;0;0;0;0;0;0;0;0;0;0;0;0;9;0;0;0;0
"F4A17";0;0;0;0;0;0;0;0;0;24;0;0;15;0;0;0;0;0;0;0;0;0;0;0;0;0;0;0;0;0;0;0;0;0;0;0;0;0;0;0;0;0;0;0;0;0;0;0;0;0;0;0;0;0;0;0;0;0;0;0;0;0;0;0;0;0;0;0;11;0;0;0;0;0;0;0;0;0;0;0;0;0;0;0;0
"F4F18";0;0;46;38;0;0;0;0;11;13;35;0;0;0;0;0;0;17;17;19;0;0;0;0;0;0;5;0;0;0;0;0;0;0;21;6;0;0;0;0;16;0;0;0;0;0;0;0;0;11;0;7;0;0;0;0;0;0;0;0;0;0;0;0;0;0;0;7;1;0;0;0;0;0;0;0;0;0;0;0;0;6;5;0;0
"F4A18";0;0;19;0;0;0;0;11;0;0;0;0;0;0;0;0;0;0;0;0;0;0;0;0;0;0;0;0;0;0;0;14;0;0;0;0;19;0;0;0;0;12;0;0;0;0;0;0;0;0;0;0;0;13;0;0;0;0;0;0;0;0;0;0;0;0;0;0;0;11;0;0;0;0;0;0;0;0;4;0;0;0;0;9;8
"H1A17";0;0;0;0;0;0;0;0;0;0;0;0;0;0;0;0;0;0;0;0;0;0;0;0;0;0;0;0;0;0;0;0;0;0;0;0;0;0;0;0;0;0;0;0;0;0;0;0;0;0;0;0;0;0;0;0;0;0;0;0;0;0;0;0;0;0;0;0;0;0;0;0;0;0;0;0;0;0;0;0;0;0;0;0;0
"H1F18";0;0;0;0;0;0;0;0;0;0;0;0;0;0;0;0;0;0;0;0;0;0;0;0;0;0;0;0;0;0;0;0;0;0;0;0;0;0;0;0;0;0;0;0;0;0;0;0;0;0;0;0;0;0;0;0;0;0;0;0;0;0;0;0;0;0;0;0;0;0;0;0;0;0;0;0;0;0;0;0;0;0;0;0;0
"H1A18";0;0;0;0;0;0;0;0;0;0;0;0;0;0;0;0;0;0;0;0;0;0;0;0;0;0;0;0;0;0;0;0;0;0;0;0;0;0;0;0;0;0;0;0;0;0;0;0;0;0;0;0;0;0;0;0;0;0;0;0;0;0;0;0;0;0;0;0;0;0;0;0;0;0;0;0;0;0;0;0;0;0;0;0;0
"H2A17";0;0;0;0;0;0;0;0;0;0;0;0;0;0;0;0;0;0;0;0;0;0;0;0;0;0;0;0;0;0;0;0;0;0;0;0;0;0;0;0;0;0;0;0;0;0;0;0;0;0;0;0;0;0;0;0;0;0;0;0;0;0;0;0;0;0;0;0;0;0;0;0;0;0;0;0;0;0;0;0;0;0;0;0;0
"H2F18";0;0;0;0;0;0;0;0;0;0;0;0;0;0;0;0;0;0;0;0;0;0;0;0;0;0;0;0;0;0;0;0;0;0;0;0;0;0;0;0;0;0;0;0;0;0;0;0;0;0;0;0;0;0;0;0;0;0;0;0;0;0;0;0;0;0;0;0;0;0;0;0;0;0;0;0;0;0;0;0;0;0;0;0;0
"H2A18";0;0;0;0;0;0;0;0;0;0;0;0;0;0;0;0;0;0;0;0;0;0;0;0;0;0;0;0;0;0;0;0;0;0;0;0;0;0;0;0;0;0;0;0;0;0;0;0;0;0;0;0;0;0;0;0;0;0;0;0;0;0;0;0;0;0;0;0;0;0;0;0;0;0;0;0;0;0;0;0;0;0;0;0;0
"H3A17";0;0;0;0;0;0;0;0;0;0;0;0;0;0;0;0;0;0;0;0;0;0;0;0;0;0;0;0;0;0;0;0;0;0;0;0;0;0;0;0;0;0;0;0;0;0;0;0;0;0;0;0;0;0;0;0;0;0;0;0;0;0;0;0;0;0;0;0;0;0;0;0;0;0;0;0;0;0;0;0;0;0;0;0;0
"H3F18";0;0;0;0;0;0;0;0;0;0;0;0;0;0;0;0;0;0;0;0;0;0;0;0;0;0;0;0;0;0;0;0;0;0;0;0;0;0;0;0;0;0;0;0;0;0;0;0;0;0;0;0;0;0;0;0;0;0;0;0;0;0;0;0;0;0;0;0;0;0;0;0;0;0;0;0;0;0;0;0;0;0;0;0;0
"H3A18";0;0;0;0;0;0;0;0;0;0;0;0;0;0;0;0;0;0;0;0;0;0;0;0;0;0;0;0;0;0;0;0;0;0;0;0;0;0;0;0;0;0;0;0;0;0;0;0;0;0;0;0;0;0;0;0;0;0;0;0;0;0;0;0;0;0;0;0;0;0;0;0;0;0;0;0;0;0;0;0;0;0;0;0;0
"H4A17";0;0;0;0;0;0;0;0;0;0;0;0;0;0;0;0;0;0;0;0;0;0;0;0;0;0;0;0;0;0;0;0;0;0;0;0;0;0;0;0;0;0;0;0;0;0;0;0;0;0;0;0;0;0;0;0;0;0;0;0;0;0;0;0;0;0;0;0;0;0;0;0;0;0;0;0;0;0;0;0;0;0;0;0;0
"H4F18";0;0;0;0;0;0;0;0;0;0;0;0;0;0;0;0;0;0;0;0;0;0;0;0;0;0;0;0;0;0;0;0;0;0;0;0;0;0;0;0;0;0;0;0;0;0;0;0;0;0;0;0;0;0;0;0;0;0;0;0;0;0;0;0;0;0;0;0;0;0;0;0;0;0;0;0;0;0;0;0;0;0;0;0;0
"H4A18";0;0;0;0;0;0;0;0;0;0;0;0;0;0;0;0;0;0;0;0;0;0;0;0;0;0;0;0;0;0;0;0;0;0;0;0;0;0;0;0;0;0;0;0;0;0;0;0;0;0;0;0;0;0;0;0;0;0;0;0;0;0;0;0;0;0;0;0;0;0;0;0;0;0;0;0;0;0;0;0;0;0;0;0;0
"P1F18";0;0;0;0;0;0;0;0;0;0;0;0;0;0;0;0;0;0;0;0;0;0;0;0;0;0;0;0;0;0;0;0;0;0;0;0;0;0;0;0;0;0;0;0;0;0;0;0;0;0;0;0;0;0;0;0;0;0;0;0;0;0;0;0;0;0;0;0;0;0;0;0;0;0;0;0;0;0;0;0;0;0;0;0;0
"P1A18";0;0;0;0;0;0;0;0;0;0;0;0;0;0;0;0;0;0;0;0;0;0;0;0;0;0;0;0;0;0;0;0;0;0;0;0;0;0;0;0;0;0;0;0;0;0;0;0;0;0;0;0;0;0;0;0;0;0;0;0;0;0;0;0;0;0;0;0;0;0;0;0;0;0;0;0;0;0;0;0;0;0;0;0;0
"P2F18";0;0;0;0;0;0;0;0;0;0;0;0;0;0;0;0;0;0;0;0;0;0;0;0;0;0;0;0;0;0;0;0;0;0;0;0;0;0;0;0;0;0;0;0;0;0;0;0;0;0;0;0;0;0;0;0;0;0;0;0;0;0;0;0;0;0;0;0;0;0;0;0;0;0;0;0;0;0;0;0;0;0;0;0;0
"P3F18";0;0;0;0;0;0;0;0;0;0;0;0;0;0;0;0;0;0;0;0;0;0;0;0;0;0;0;0;0;0;0;0;0;0;0;0;0;0;0;0;0;0;0;0;0;0;0;0;0;0;0;0;0;0;0;0;0;0;0;0;0;0;0;0;0;0;0;0;0;0;0;0;0;0;0;0;0;0;0;0;0;0;0;0;0
"P4F18";0;0;0;0;0;0;0;0;0;0;0;0;0;0;0;0;0;0;0;0;0;0;0;0;0;0;0;0;0;0;0;0;0;0;0;0;0;0;0;0;0;0;0;0;0;0;0;0;0;0;0;0;0;0;0;0;0;0;0;0;0;0;0;0;0;0;0;0;0;0;0;0;0;0;0;0;0;0;0;0;0;0;0;0;0
