"";"Ostreococcus";"Sporisorium";"Dino-Group-I-Clade-1_X";"Bathycoccus";"Guinardia";"Meira";"Micromonas";"Paracalanus";"Rhizosolenia";"Chloroparvula";"Picochlorum";"Plagioselmis";"Gyrodinium";"Dino-Group-II-Clade-4_X";"Phaeocystis";"Verticillium";"Pelagomonas";"Strombidiidae_M_X";"Thalassiosira";"Tetraselmis";"Pycnococcaceae_X";"Teleaulax";"Pelagostrobilidium";"NA";"Dino-Group-III_XX";"Chaetoceros";"Phragmatopoma";"Minutocellus";"Dino-Group-II-Clade-10-and-11_X";"Pelagomonadales_clade_B1";"Strombidiidae_L_X";"MAST-7B_XX";"Picozoa_XXXX";"Strombidiida_F_XX";"Dino-Group-II-Clade-6_X";"Askenasia";"Strombidiidae_X";"Detonula";"MAST-4A_XX";"Leucosporidium";"Acrochaete";"Strombidiidae_B_X";"Rhodotorula";"Dino-Group-II-Clade-44_X";"Minidiscus";"Aureococcus";"Dino-Group-I-Clade-5_X";"Dinophyceae_XXX";"Laboea";"MAST-4E_XX";"Katablepharidales_XX";"Chloropicon";"Gymnodinium";"Dino-Group-II-Clade-7_X";"Cerataulina";"MAST-4B_XX";"MAST-7A_XX";"Dino-Group-II-Clade-8_X";"Eucampia";"Strombidiidae_H_X";"Prasinoderma";"Tintinnopsis_05";"MAST-3F_XX";"Crustomastigaceae_X";"Dino-Group-II-Clade-13_X";"Dino-Group-II-Clade-22_X";"MAST-7C_XX";"Strombidium_K";"Aplanochytrium";"Oithona";"Thraustochytriaceae_LAB17";"MAST-2B_XX";"Hormiphora";"Katablepharis";"Strombidiida_G_XX";"MAST-3E_XX";"Candida";"Geminigera";"Dino-Group-II-Clade-1_X";"Chrysophyceae_Clade-H_X";"Chrysochromulina";"Dino-Group-II-Clade-23_X";"MAST-4C_XX";"Dino-Group-II-Clade-3_X";"Telonemia-Group-2_X";"Heterocapsa";"Calanus";"Chrysophyceae_Clade-F_X";"Cryptomycotina_XX";"Yarrowia";"Amphimedon";"Paraphysomonas";"Leucocryptos";"Dino-Group-II-Clade-16_X";"Pyramimonas";"Prorocentrum";"Luciella";"Varistrombidium";"Dino-Group-II-Clade-52_X";"MAST-1B_XX";"Leegaardiella";"Chlorodendrales_XX";"Cylindrotheca";"Pseudocohnilembus";"Karlodinium";"Haptolina";"Parmales_env_3B";"Exophiala";"Ebria";"Rimostrombidium_A";"Pelagomonadaceae_clade_D1";"Pirsonia_Clade__XXX";"Dino-Group-II-Clade-17_X";"Labyrinthulomycetes_X_LAB14_X";"Caecitellus";"Dino-Group-II-Clade-12_X";"Filosa-Thecofilosea_XXX";"Hemiselmis:nucl";"Pterocystida_XX";"Zygonemertes";"Strombidium_R";"Artemisia";"Parmales_env_3A";"Dino-Group-II-Clade-32_X";"Sulculeolaria";"Thraustochytriaceae_LAB19";"MAST-7D_XX";"Ulva";"Obelia";"Warnowia";"Dino-Group-II-Clade-46_X";"Helicostomella";"Leptochiton";"Strombidiidae_R_X";"Florenciella";"Bicosoeca";"MAST-1C_XX";"Dino-Group-II-Clade-18_X";"Pelagomonadaceae_clade_C";"Cardioecia";"MAST-3D_XX";"Didiniidae_X";"Chytriodinium";"Protostelium";"Dictyocha";"Spumella";"Cryothecomonas";"Torodinium";"MAST-9C_XX";"Eutintinnidae_X";"Oikopleura";"MOCH-3_XXX";"Parmales_env_3_X";"MAST-8A_XX";"Capronia";"MAST-9D_XX";"Halecium";"MAST-12A_XX";"Eurotiomycetes_X";"Brachionus";"MAST-11_XXX";"Dino-Group-II-Clade-50_X";"MAST-12E_XX";"Chrysophyceae_Clade-I_X";"Dino-Group-II_XX";"Spirostrombidium";"Metschnikowia";"Strombidiidae_J_X";"Caecitellaceae_X";"Apocalathium";"Florenciellales_X";"Minorisa-lineage_X";"Phialella";"Litostomatea_XXX";"Metridium";"Stichodactyla";"Biecheleria";"Halichondria";"Flamella";"Meyerozyma";"Bilabrum";"Dino-Group-I-Clade-4_X";"Triparma";"Stephanoecidae_Group_H_X";"MAST-4D_XX";"Spongites";"Dino-Group-II-Clade-15_X";"Ephelota";"Pelagodinium";"Dino-Group-II-Clade-14_X";"Chytridiomycetes_X";"Grantessa";"CONTH_8_XXX";"MAST-10_XXX";"MAST-12B_XX";"Acanthostrongylophora";"Strombidiida_B_XX";"Tintinnidae_X";"Peyssonnelia";"Dino-Group-II-Clade-30_X";"Stramenopiles_XXXXX";"Dino-Group-II-Clade-20_X";"Yamadazyma";"Novel-clade-2_X";"Dino-Group-II-Clade-40_X";"Gelidium";"Dino-Group-II-Clade-26_X";"RAD-B_X_Group-IVe_X";"Strongylocentrotus";"Cafeteria";"Stephanoecidae_Group_D_X";"Syracosphaerales_XX";"Dino-Group-II-Clade-5_X";"LKM11-Rozella";"Chondrus";"Urotricha";"Paracineta";"Spirotontonia";"MAST-3J_XX";"Stoeckeria";"Islandinium";"Thalassomyces";"Rhodomonas";"MAST-2D_XX";"Microstomum";"MAST-6_XXX";"Dino-Group-II-Clade-42_X";"Labyrinthuloides";"Dino-Group-II-Clade-39_X";"Colaconema";"Parastrombidinopsis";"Chrysophyceae_Clade-G_X";"Strombidium_F";"Mamiella";"Ellobiopsis";"Prymnesiophyceae_Clade_D_XX";"Brockmanniella";"Cystobasidiomycetes_X";"Bicoecaceae_X";"Eutintinnus";"NPK2-lineage_X";"MOCH-2_XXX";"Monosigidae_Group_A_X";"Trichosporon";"MAST-1A_XX";"Clausocalanus";"CCW10-lineage_X";"Raphid-pennate_X";"Mastocarpus";"Dino-Group-II-Clade-25_X";"MAST-3I_XX";"Nematalosa";"Sypharochiton";"Hymeniacidon";"Centroceras";"Asterias";"Iophon";"Amphicorina";"Chrysophyceae_XXX";"Diplastrella";"Blidingia";"Corycaeus";"Hartmannula";"Heterosiphonia";"Prymnesiaceae_X";"MOCH-1_XXX";"Haptophyta_Clade_HAP3_XXX";"Asparagopsis";"Heteromastus";"Neocalanus";"Protodinium";"Clytia";"Orthopyxis";"Crustomastigaceae-AB";"Polycirrus";"Carinoma";"Protaspa-lineage_X";"Abeoformidae_Group_MAIP_2_X";"Pelagococcus";"Prymnesiophyceae_Clade_B4_X";"MAST-8B_XX";"Chlorarachnida_XX";"Novel-Clade-4_X";"Titanoderma";"Chrysophyceae_Clade-C_X";"Centropages";"Ulvophyceae_XXX";"Strombidiida_XX";"Dangemannia";"Gephyrocapsa";"Thoracosphaeraceae_X";"RAD-A_Xb_X";"Protoperidinium";"Tripos";"Pseudo-nitzschia";"RCC391";"Pleurostomatida_X";"Leucosolenia";"Prymnesium";"Dino-Group-V_XX";"Sertularella";"Suctoria_XX";"Cryptomonadales_XX";"Monosigidae_Group_B_X";"Pseudotontonia";"Prymnesiophyceae_Clade_E_XX";"Labyrinthulomycetes_X_LAB13_X";"Lomentaria";"Norrisiella";"Pterosperma";"Pseudopedinella";"Mesophyllum";"Apicomplexa_XXXX";"MAST-8E_XX";"NASSO_1";"Telonema-Group-1";"Dissodinium";"Prasino-Clade-9_XXX";"Perkinsus";"Labyrinthulomycetes_X_LAB8";"Pterocladiella";"Amphitrite";"Telonemia-Group-1_X";"Lauderia";"Carditamera";"Dysteriidae_X";"Filicrisia";"Lepidodinium";"Labyrinthulomycetes_X_LAB7_X";"Semimytilus";"Abarenicola";"Melinna";"Achnanthes";"Clathromonas";"Navicula";"Parmales_XX";"Abra";"Panax";"Lithophyllum";"Syndinium";"MAST-3K_XX";"Bougainvillia";"Chlorothrix";"Mataza-lineage_X";"Oomycota_XXX";"Thaumatomonadida_XX";"Stramenopiles_X-Group-2_XXX";"Apedinella";"Strombidinopsis";"Eurythoe";"Myrica";"Dodecaceria";"Licmophora";"Dino-Group-II-Clade-47_X";"Pirsonia";"Parmales_env_2_X";"Barantolla";"Mantoniella";"MAST-3L_XX";"Fragilariopsis";"Prasinodermaceae_X";"Prymnesiophyceae_Clade_F_XX";"Loxophyllum";"Ustilago";"Marimonadida_XX";"Debaryomyces";"Thraustochytriaceae_X";"Mycale";"Pelagomonadales_clade_A_X";"Labyrinthula";"Dino-Group-II-Clade-28_X";"Tedania";"Champia";"Blastodinium";"Lissodendoryx";"Minorisa";"Oblongichytrium";"Chromera";"Phycodrys";"Sporobolomyces";"Nitzschia";"Calcarea_X";"Asterionellopsis";"Planomonas";"MAST-8C_XX";"Pseudovorticella";"Neosiphonia";"Dolichomastigaceae-B";"Acanthoecida_XX";"Phyllochaetopterus";"TAGIRI1-lineage_X";"PHYLL_4_X";"Hydractinia";"Polysiphonia";"Voromonas";"Zoothamnium_1";"Prionitis";"Apusomonadidae_Group-2B_XX";"Dasybranchus";"Malassezia";"MOCH-5_XXX";"Cocconeis";"Kirchenpaueria";"Amphitetras";"Chrysocampanula";"Leptocylindrus";"Scopalina";"Acanthoecidae_Group_G_X";"Strombidiidae_O_X";"Haptophyta_Clade_HAP5_XXX";"Clathrina";"Dicrateria";"Stephanoecidae_Group_E_X";"Edwardsiella_metazoa";"Mytiloida_X";"Thraustochytrium";"Labyrinthulaceae_ANT10_3";"RAD-A_Xf_c";"Prymnesiophyceae_XXX";"Aspergillus";"MAST-25_XXX";"Tabularia";"Pterosiphonia";"MAST-12_XXX";"Corethron";"Heterohartmannula";"Trichopodiella";"Platanus";"OLIGO5_XX";"Vorticella";"Dunaliella";"Rhodosporidium";"Pentapharsodinium";"Prymnesiophyceae_Clade_B3_X";"Strobilidiidae_A_X";"Theristus";"Dino-Group-II-Clade-36_X";"Trochilia";"Ophidocladus";"Myxophyllum";"Sabella";"Cannobotryidae_X";"Salvatoria";"Botuliformidae_X";"MAST-9A_XX";"Capitella";"Abeoformidae_Group_MAIP_1_X";"Cryptococcus";"Amphisoleniaceae_X";"Amphifila";"Calocalanus";"Ancyromonas";"Sticholonche";"Strombidiida_D_XX";"Hematodinium";"Halisarca";"Asteromphalus";"MAST-3C_XX";"Dino-Group-II-Clade-29_X";"Biecheleriopsis";"Harpacticus";"Strombidiidae_Q_X";"Nolandella";"Gracilaria";"MOCH-4_XXX";"Reckertia";"Actinocyclus";"Stephanoeca_Group_H";"RAD-A_Xf_b";"Barentsia";"Dolichomastix";"Diplopsalis";"Aegyriana";"Endogenida_2_X";"Prasino-Clade-VIII_XXX";"Biemna";"Amastigomonas";"Pelagomonadales_clade_A1";"Coscinodiscus";"Alcyonidioides";"MAST-1D_XX";"Strobilidiidae_I_X";"Uronema";"Aphroceras";"Corallina";"Microxysma";"Protodrilus";"Paraflabellula";"Hartmannella";"Solanum";"Alternaria";"Brachypodium";"Aglaura";"Hormomya";"Dino-Group-I-Clade-2_X";"Chrysaora";"Hypotrichia_XX";"Sparlingia";"MAST-8D_XX";"Cymbella";"Aequorea";"Nanofila";"Dictyochophyceae_XXX";"Stephanoecidae_New_Choanos_8_X";"Dino-Group-II-Clade-33_X";"Glauconema";"Haptophyta_Clade_HAP4_XXX";"Chlamydonellopsis";"Chaetopleura";"Pithites";"Labyrinthulomycetes_X_LAB11_X";"Shinkaiya";"NA";"NA";"NA";"NA";"NA";"NA";"NA";"NA";"NA";"NA";"NA";"NA";"NA";"NA";"NA";"NA";"NA";"NA";"NA";"NA";"NA";"NA";"NA";"NA";"NA";"NA";"NA";"NA";"NA";"NA";"NA";"NA";"NA";"NA";"NA";"NA";"NA";"NA";"NA";"NA"
"C1_2017.04";0;11730;1442;0;15;6597;603;9;169;0;20;0;0;0;4771;0;0;0;3108;1;20;0;1;0;0;308;0;0;153;0;0;0;4;0;0;8;1885;0;0;16;0;0;0;0;0;0;0;0;0;0;0;0;0;0;0;0;0;0;0;0;0;0;0;0;0;0;0;0;0;0;0;0;0;0;0;0;0;0;0;0;0;0;140;0;58;0;0;0;0;0;0;0;0;0;0;0;0;0;0;0;0;526;0;0;0;0;0;149;53;0;130;496;0;0;0;0;152;0;0;18;166;0;0;0;88;0;0;19;0;7;0;11;0;0;56;0;0;356;0;0;0;0;0;0;0;38;0;174;38;0;0;446;0;0;43;4;37;0;0;0;48;0;0;0;0;8;0;0;0;0;0;0;0;0;30;0;0;0;0;0;0;0;0;338;0;437;0;0;0;0;0;0;0;6;0;0;0;164;1;90;0;0;8;0;0;0;62;0;0;91;0;0;0;0;0;0;27;0;205;25;0;0;0;0;0;0;0;0;0;0;0;0;0;0;26;0;0;0;0;0;77;0;121;93;0;0;0;0;0;0;0;0;0;0;0;0;6;0;0;0;0;0;0;0;10;0;0;0;0;0;0;0;0;0;0;0;0;0;0;0;0;0;0;237;0;0;0;0;0;0;0;0;0;0;0;0;0;0;63;0;0;0;0;0;0;0;0;0;0;0;0;0;0;0;0;0;0;0;0;0;0;0;0;0;41;0;0;0;0;0;0;0;0;0;0;0;0;0;0;0;0;0;0;12;0;0;0;0;6;0;0;0;0;0;0;0;0;0;0;0;0;0;0;36;0;46;0;0;0;4;0;0;0;44;0;0;0;0;0;0;0;0;0;0;0;0;0;17;0;0;0;0;0;0;0;0;0;0;0;0;0;0;0;3;0;0;0;0;0;0;0;0;0;0;0;0;0;0;0;0;27;0;0;0;0;0;0;0;0;0;0;0;0;0;22;0;0;0;0;4;0;0;0;0;0;0;0;0;0;0;0;0;0;0;0;0;0;0;0;0;0;0;0;0;0;0;0;0;0;0;0;0;0;0;0;0;0;0;0;0;0;0;0;6;0;0;0;0;0;0;0;0;0;0;0;0;0;0;0;0;0;0;0;0;0;0;0;0;0;0;0;0;0;0;0;0;12;0;0;0;0;0;0;0;0;0;0;0;0;0;0;0;0;0;0;0;0;0;0;0;0;0;0;0;0;0;0;0;0;0;0;0
"C1_2018.02";6013;3239;7633;399;519;91;931;210;400;751;0;85;291;46;250;0;74;471;172;51;1920;314;161;0;222;429;0;109;435;16;64;243;134;0;784;48;10;0;37;0;0;0;0;0;0;0;0;0;0;0;0;0;0;0;0;0;0;0;0;0;0;0;0;0;0;0;0;0;0;0;0;0;0;0;0;0;0;0;0;0;0;0;0;129;114;15;808;452;3;21;394;42;108;282;60;189;110;129;0;204;71;33;398;28;144;131;121;36;251;25;960;20;50;64;0;39;0;27;284;511;148;268;351;231;110;96;65;110;0;0;4;46;59;43;12;108;0;13;371;54;0;0;44;15;239;13;23;0;0;0;0;0;19;78;28;125;408;67;62;0;0;0;45;65;0;15;17;0;0;0;0;0;0;0;0;45;106;52;70;0;187;0;84;0;0;14;148;14;0;0;9;0;23;14;0;8;0;11;0;3;14;0;111;90;40;0;0;0;0;17;0;0;0;6;0;0;0;0;0;0;0;0;11;48;13;0;103;0;8;20;79;0;0;6;62;0;13;9;0;0;39;0;0;46;0;0;0;0;0;0;0;0;96;0;0;16;0;0;74;0;2;0;18;0;10;0;12;0;17;0;0;7;0;0;0;0;10;0;0;0;23;0;0;0;0;0;88;7;0;0;37;0;0;0;0;0;0;0;0;0;0;0;0;0;5;0;0;0;0;0;0;0;0;0;0;0;86;12;0;0;0;8;56;0;34;0;0;17;0;19;0;0;9;0;5;3;6;0;0;0;0;0;0;29;0;0;5;0;21;0;0;0;0;0;14;0;27;0;0;0;0;0;21;0;0;0;0;0;0;0;0;0;0;0;0;0;0;0;0;6;0;0;0;6;0;0;0;0;0;0;0;0;0;8;0;0;0;0;0;0;0;0;0;0;33;0;0;0;0;0;0;0;0;0;0;11;0;0;0;0;0;0;0;8;0;0;0;0;0;0;0;0;0;0;0;0;0;0;0;0;0;0;0;0;6;0;0;0;0;0;0;0;0;16;0;0;0;0;0;0;0;0;0;0;0;0;0;0;7;0;0;0;0;0;0;0;0;0;0;0;0;0;0;0;0;0;0;0;0;0;0;0;0;0;0;0;0;0;0;0;0;0;0;0;0;10;0;0;0;0;0;0;0;0;0;0;0;0;0;0;0;0;0;0;0;0;0;0;0;0;0;0;0;0;0;0;0;0;0;0;0;0;0;0;0;0;0;0;0;0;0;0
"C1_2018.04";9654;2820;5828;1510;0;0;368;534;0;2896;88;597;137;0;238;0;2010;1105;42;0;33;677;143;0;369;14;7;0;2177;1153;216;40;126;147;278;146;175;0;182;0;0;0;0;0;0;0;0;0;0;0;0;0;0;0;0;0;0;0;0;0;0;0;0;0;0;0;0;0;0;0;0;0;0;0;0;0;0;0;0;0;0;24;0;18;0;467;331;289;99;51;69;160;316;129;0;23;0;64;0;377;102;82;76;28;60;0;0;116;0;9;0;0;0;500;57;62;0;32;129;140;153;34;7;36;726;97;0;0;0;0;0;0;22;64;264;58;130;6;32;0;30;0;0;0;16;68;0;0;0;0;64;18;0;0;0;14;0;0;27;0;24;0;9;0;7;0;0;0;0;0;8;0;0;0;40;0;76;0;13;0;0;0;29;0;34;0;14;116;18;0;11;0;18;16;0;0;0;64;0;0;0;0;0;27;2;0;0;25;0;10;32;0;0;0;0;0;0;0;0;0;0;0;21;0;0;0;0;0;0;9;0;0;0;0;29;0;0;0;0;0;0;0;0;0;0;0;75;0;0;0;0;13;33;0;0;0;0;0;0;3;0;0;0;21;0;0;6;0;0;0;0;9;0;18;3;25;0;0;0;0;0;74;0;0;0;0;0;0;0;10;0;0;0;0;0;0;0;0;7;0;0;0;0;0;0;0;27;0;0;69;30;0;0;0;0;0;5;0;34;0;32;0;14;0;0;0;0;0;0;8;0;0;0;0;15;0;7;0;0;0;0;6;0;0;20;23;0;0;0;0;0;0;0;0;0;0;0;28;0;0;0;0;0;0;0;0;0;0;30;0;0;0;0;0;0;0;0;0;0;0;0;0;0;0;0;0;0;10;0;0;0;0;0;0;0;0;0;0;0;0;0;0;0;0;0;0;0;0;0;0;0;0;0;0;0;0;0;0;0;0;0;0;0;0;10;0;0;0;0;0;0;0;0;0;0;0;0;0;0;0;0;0;0;0;0;0;0;0;0;0;0;0;0;0;0;0;0;0;0;0;0;0;0;0;0;0;0;0;0;0;0;0;0;0;0;0;0;0;0;0;0;0;0;0;19;0;0;0;0;0;0;0;0;0;0;0;0;0;0;0;0;3;0;0;0;0;0;6;0;0;0;0;0;0;0;0;0;0;0;0;0;0;0;0;0;0;0;0;0;0;0;0;0;0;0;0;0;0;0;0;0;0;0;0;0;0;0;0;0;0;0;0
"C2_2017.04";0;33322;1154;0;6;333;23;7;26;19;28;0;14;0;81;0;0;0;258;0;25;8;0;0;0;45;0;0;9;0;0;0;0;0;0;6;113;0;0;4453;0;0;0;0;0;0;0;0;0;0;0;0;0;0;0;0;0;0;0;0;0;0;0;0;0;0;0;0;0;0;0;0;0;0;0;0;0;0;0;0;0;0;68;0;0;0;0;0;0;0;0;0;0;0;0;0;0;0;0;0;0;28;0;0;0;0;0;7;22;0;13;25;0;5;0;0;176;0;0;0;0;16;0;0;32;0;0;0;0;19;0;0;0;0;0;10;0;55;0;0;0;0;0;17;0;0;0;0;13;0;0;29;0;0;0;0;0;0;0;0;0;0;0;0;0;0;0;0;0;0;0;0;0;0;0;0;0;0;0;0;0;0;0;0;0;17;0;0;0;0;0;0;0;0;0;0;0;6;38;0;0;0;0;0;0;0;97;0;0;0;0;0;0;0;0;0;0;0;0;182;11;0;0;0;0;0;0;0;0;0;0;0;0;0;0;0;0;0;0;0;0;0;8;0;0;0;0;0;0;0;0;0;0;0;0;0;0;0;0;0;0;0;0;0;0;0;0;0;0;0;0;0;0;0;0;0;0;0;0;0;0;0;0;0;0;0;0;0;0;0;0;0;0;0;0;0;0;0;0;0;0;0;0;0;0;0;0;0;0;0;5;0;0;0;0;0;0;0;0;0;0;0;0;0;0;0;0;0;0;0;0;0;0;0;0;0;0;0;0;0;0;0;0;0;0;0;0;0;0;0;0;0;0;0;0;0;0;0;0;0;0;0;0;0;0;0;0;0;0;0;0;0;0;0;0;0;0;0;0;0;0;0;0;0;0;0;0;3;0;0;0;0;0;0;0;0;0;0;0;0;0;0;0;7;0;28;0;0;0;0;0;0;0;0;0;0;0;0;0;0;0;0;0;0;0;0;0;0;0;0;0;0;0;0;0;0;0;0;0;0;0;0;0;0;0;0;0;0;0;0;0;0;0;0;0;0;0;0;0;0;0;0;0;0;0;0;0;20;0;0;0;0;0;0;0;0;0;0;0;0;0;0;0;0;0;0;0;0;0;0;0;0;0;0;0;0;0;0;0;0;0;0;0;0;0;0;0;0;0;0;0;0;0;0;0;0;0;0;0;0;0;0;0;0;0;0;0;0;0;0;0;0;0;0;0;0;0;0;0;0;0;0;0;0;0;0;0;0;0;0;0;0
"C2_2018.02";1020;870;5303;110;2361;0;202;385;1182;198;0;56;7448;23;211;0;56;451;814;86;808;319;253;0;160;3323;0;57;452;4;37;106;146;0;422;28;19;0;19;0;0;0;0;0;0;0;0;0;0;0;0;0;0;0;0;0;0;0;0;0;0;0;0;0;0;0;0;0;0;0;0;0;0;0;0;0;0;0;0;0;0;148;0;40;534;0;520;1522;6;22;79;11;102;123;717;167;121;137;0;214;72;0;177;7;44;136;48;218;449;56;989;0;34;93;16;0;0;12;141;267;68;256;200;155;48;85;91;47;0;0;0;79;42;42;26;75;0;39;292;27;0;0;68;42;441;0;13;0;0;0;0;0;0;92;34;72;138;152;33;0;0;0;0;15;0;35;20;0;15;0;0;14;0;0;0;62;183;41;162;0;84;0;106;0;0;45;156;0;0;0;17;0;17;0;0;0;0;0;0;6;0;13;103;59;18;0;0;11;0;0;0;0;0;12;21;74;0;0;0;0;0;7;4;46;0;0;131;0;19;30;222;0;0;0;50;0;7;24;0;0;23;0;0;47;0;0;0;0;0;10;0;0;83;0;0;22;0;0;105;0;67;0;43;0;80;0;23;25;15;0;0;0;0;0;0;0;5;0;4;0;0;0;0;0;0;0;66;0;0;0;0;0;0;0;0;0;0;0;0;0;0;0;0;0;7;0;0;0;0;0;0;0;0;0;0;0;40;19;0;0;0;0;32;0;13;0;0;16;0;19;0;0;12;0;0;0;0;0;35;0;0;0;0;31;0;0;0;0;0;0;0;0;0;0;9;0;0;0;0;0;0;0;9;0;0;0;0;0;0;9;0;0;0;0;0;0;0;0;0;0;0;0;0;22;0;0;0;0;0;0;0;0;0;6;0;0;0;0;0;15;0;0;0;0;11;0;0;0;0;0;0;0;0;0;0;9;0;0;0;0;0;13;0;0;0;0;0;0;0;0;47;0;0;0;0;0;0;0;0;0;0;0;0;0;0;0;0;0;0;0;0;0;0;0;0;0;0;0;0;0;0;0;0;0;0;0;0;0;0;0;0;0;0;0;0;0;0;0;0;0;0;0;0;0;0;0;0;0;0;10;0;0;0;0;0;0;0;0;0;0;0;0;0;0;0;0;0;0;0;0;0;0;0;0;0;0;0;0;0;0;0;0;0;0;0;0;0;0;0;0;0;0;0;0;0;0;0;0;0;0;0;0;0;0;0;0;0;0;0;0;0;0
"C2_2018.04";5413;4656;10234;799;11;932;224;524;12;5096;79;299;1076;0;153;0;938;768;161;0;71;405;135;0;227;22;0;0;844;538;151;31;65;189;165;89;38;0;76;0;0;0;0;0;0;0;0;0;0;0;0;0;0;0;0;0;0;0;0;0;0;0;0;0;0;0;0;0;0;0;0;0;0;0;0;0;0;0;0;0;0;6;0;11;91;226;206;238;27;40;55;381;155;43;0;12;0;43;0;217;296;25;22;16;45;3;0;55;45;44;27;0;26;128;48;50;0;31;103;33;99;97;0;26;149;53;134;0;0;0;0;0;0;86;109;74;42;4;18;4;18;47;21;0;0;26;10;0;48;0;187;0;0;0;0;9;0;0;9;0;21;0;7;0;0;70;0;0;0;0;14;0;0;0;11;0;62;0;18;0;0;0;18;0;51;0;0;78;41;0;0;0;11;8;0;8;0;15;0;0;0;0;0;7;0;0;0;14;0;5;14;0;0;0;0;0;0;0;49;0;0;9;10;9;0;0;8;0;0;6;0;0;0;0;0;0;0;0;0;0;0;0;0;0;0;0;43;8;0;0;0;0;6;0;0;0;0;0;0;22;0;0;0;9;29;0;0;0;0;0;0;7;0;10;0;24;20;0;0;0;9;36;0;0;0;3;0;15;0;14;0;22;0;0;0;0;0;0;0;0;0;0;0;0;0;28;13;0;0;23;29;0;0;0;0;0;11;0;0;0;14;0;0;0;0;0;0;0;0;4;0;0;0;16;0;0;0;0;0;0;0;17;0;0;17;0;0;0;0;0;6;0;11;0;0;0;0;55;0;0;0;0;0;0;0;0;0;0;0;0;0;0;0;0;0;0;0;0;0;0;0;0;0;0;0;0;0;11;0;0;0;0;0;0;0;0;0;0;0;17;0;0;0;0;0;0;0;0;0;0;0;0;0;0;0;0;0;0;0;0;0;0;0;0;4;0;0;0;0;0;0;0;0;0;0;0;0;0;0;0;0;0;0;0;0;0;0;0;0;0;0;0;0;0;0;0;0;19;0;0;0;0;0;0;0;0;0;0;0;0;0;0;0;0;0;0;0;0;0;0;0;0;0;0;29;0;0;0;0;0;0;0;0;0;0;0;0;0;0;0;0;0;0;0;0;0;13;0;0;0;0;0;0;0;0;0;0;0;0;0;0;0;0;0;0;0;0;0;0;0;0;0;0;0;0;0;0;0;2;0;0;0;0;0;0;0;0;0;0;0;0;0
"C3_2017.04";0;27448;2346;0;670;968;24;26;3148;30;91;0;10;0;35;0;0;6;656;28;219;0;22;0;0;116;0;0;73;0;0;0;0;0;0;0;71;0;0;387;0;0;0;0;0;0;0;0;0;0;0;0;0;0;0;0;0;0;0;0;0;0;0;0;0;0;0;0;0;0;0;0;0;0;0;0;0;0;0;0;0;0;265;0;31;0;0;0;0;0;0;18;0;0;42;0;0;0;0;0;0;24;0;0;0;0;0;5;118;0;113;30;0;13;0;0;35;0;0;0;4;20;0;0;12;0;0;0;0;49;0;0;0;7;14;0;0;0;0;0;0;0;0;46;0;0;0;0;505;6;0;0;0;0;8;0;0;0;0;0;0;0;0;0;0;13;0;0;0;0;0;0;0;0;0;0;17;0;0;0;0;0;0;0;0;99;0;0;8;0;0;0;0;7;0;0;0;12;0;7;0;0;0;0;0;0;128;0;0;32;0;0;0;0;0;0;0;0;0;14;0;13;0;0;0;0;0;0;19;0;0;0;0;0;0;0;0;0;0;0;11;0;0;65;0;0;0;0;0;0;0;0;0;0;0;0;0;0;0;0;0;0;0;0;0;0;0;0;0;0;0;0;0;0;0;0;0;0;0;0;0;0;0;0;0;0;0;0;0;0;0;3;0;0;0;0;0;0;53;0;0;0;0;0;0;0;0;0;0;0;31;0;0;0;0;0;0;0;0;0;0;0;0;0;0;0;0;0;0;0;10;0;0;0;0;0;0;0;0;0;0;0;0;0;0;0;0;0;0;0;0;0;3;0;0;0;0;0;0;0;0;0;0;0;0;0;0;0;0;0;0;0;0;0;0;0;0;0;0;0;0;0;0;0;0;0;0;0;0;0;0;0;0;0;0;0;0;0;0;0;0;0;0;15;0;16;0;0;0;0;0;0;0;0;0;0;0;0;0;0;0;0;0;0;0;0;0;0;0;0;0;0;0;0;0;4;0;0;0;0;0;0;0;0;0;0;0;0;0;0;0;0;0;0;0;0;0;0;0;0;0;0;0;0;0;0;0;0;0;0;0;0;0;0;0;0;0;0;0;0;0;0;0;8;0;0;0;0;0;0;0;0;0;0;0;0;0;0;0;0;0;0;0;0;0;0;0;0;0;0;0;0;0;0;0;0;0;0;0;0;0;0;0;0;0;0;0;0;0;0;0;0;0;0;0;0;0;0;0;0;0;0;0;0;0;0;0;0;0;0;0;0
"C3_2018.02";58;2789;2755;0;1503;234;229;690;8813;74;0;0;494;0;436;0;5;23;4274;4;416;105;608;0;0;4638;6;58;832;9;0;0;3;0;8;0;818;0;0;0;0;0;0;0;0;0;0;0;0;0;0;0;0;0;0;0;0;0;0;0;0;0;0;0;0;0;0;0;0;0;0;0;0;0;0;0;0;0;0;0;0;1627;19;0;1085;0;74;72;0;0;10;6;39;0;999;0;0;0;0;0;18;884;0;0;0;0;0;247;534;75;636;249;0;35;0;0;0;0;25;80;211;83;12;12;140;0;179;532;0;0;0;42;13;0;242;4;134;32;12;0;0;0;67;17;8;36;0;0;0;0;0;69;0;0;7;7;392;86;5;0;0;0;0;0;0;15;0;10;40;0;0;0;0;0;17;34;22;0;14;0;20;0;18;0;0;21;46;0;0;0;42;0;0;0;0;14;0;51;0;46;0;0;23;0;0;173;0;0;0;87;9;0;0;0;8;0;85;0;0;0;0;0;0;6;0;5;15;0;0;6;41;0;0;0;23;0;0;0;0;0;59;0;0;128;0;0;0;0;0;0;0;0;0;0;0;0;0;0;31;0;19;0;10;0;15;0;0;11;0;0;0;15;0;29;0;0;0;0;0;0;0;0;18;0;0;0;0;0;0;0;38;0;0;0;0;0;0;0;0;0;0;0;0;0;0;0;0;0;9;0;42;0;0;0;0;0;24;4;0;0;0;0;0;0;98;0;0;0;0;11;0;0;6;0;0;0;0;0;75;0;0;8;0;26;0;0;0;0;41;0;0;0;0;0;0;0;9;0;0;0;0;0;0;0;0;0;0;0;0;0;0;37;0;0;8;0;0;0;0;0;0;0;0;0;0;0;0;0;0;0;0;0;0;0;0;0;25;5;0;0;0;0;0;0;0;0;0;0;0;0;0;0;0;0;0;0;0;0;0;0;0;11;0;0;0;0;0;0;0;0;0;0;0;0;0;0;0;0;0;0;0;0;0;0;0;20;0;20;0;0;0;0;0;0;0;0;0;0;0;0;0;0;0;16;0;0;0;0;0;0;0;0;0;0;0;0;0;0;0;0;0;0;0;0;0;11;0;0;0;0;0;0;0;0;0;0;0;0;0;0;0;0;4;0;0;0;0;0;0;0;0;0;0;0;0;0;0;0;0;0;0;0;0;0;0;0;0;2;0;0;0;0;0;0;0;0;0;0;0;0;0;0;0;0;0;0;0;0;0;0;0;0
"C3_2018.04";1786;303;3467;1248;50;0;626;4226;81;1122;47;248;2014;0;475;0;1479;499;3443;0;32;914;685;0;143;639;0;36;1242;1540;148;40;54;164;82;209;311;3;95;0;2;0;0;0;0;0;0;0;0;0;0;0;0;0;0;0;0;0;0;0;0;0;0;0;0;0;0;0;0;0;0;0;0;0;0;0;0;0;0;0;0;131;0;0;455;596;288;488;179;22;117;115;330;42;12;15;0;44;0;222;232;208;26;74;0;0;0;398;39;233;23;30;21;433;108;58;0;25;106;126;294;28;0;37;494;25;10;7;0;0;0;26;0;56;792;297;107;23;0;0;22;30;11;0;24;85;14;0;26;0;84;164;0;0;0;18;0;0;73;0;79;0;24;5;0;103;0;0;25;36;0;24;0;0;50;0;264;0;6;0;0;0;75;23;260;6;36;29;21;0;0;0;26;14;0;0;0;128;0;37;0;14;0;39;0;0;0;15;0;36;47;0;0;0;0;0;175;0;0;0;0;0;0;36;0;0;0;17;92;0;0;0;0;12;25;0;6;35;0;0;0;0;0;6;0;0;36;0;0;0;44;40;0;0;0;22;95;0;17;80;0;0;0;13;20;5;0;0;0;0;0;8;0;20;0;27;32;0;0;0;12;110;0;0;2;24;0;61;0;11;0;39;0;0;0;0;0;0;10;0;0;43;0;0;0;12;0;0;0;0;55;0;0;0;0;0;4;0;33;35;30;0;0;0;14;16;0;0;0;84;31;0;14;77;107;0;0;0;0;0;0;29;0;0;27;26;0;0;0;0;20;0;38;4;0;0;22;15;0;0;0;0;16;0;0;0;0;0;0;0;0;0;0;0;0;0;0;0;0;0;0;0;0;0;0;0;0;0;0;0;0;0;0;0;0;13;0;0;0;0;0;0;0;0;0;0;0;0;0;0;0;0;0;0;0;0;24;0;0;0;0;0;0;0;9;0;0;0;7;0;0;0;0;0;0;23;0;15;0;0;0;0;0;0;0;0;0;0;5;0;0;10;0;0;0;0;0;0;0;0;0;0;0;0;0;0;0;0;0;0;6;0;0;0;0;18;0;0;0;0;0;0;0;0;0;0;0;0;29;0;0;0;0;0;0;0;11;0;0;0;0;0;0;0;0;0;13;13;0;0;0;0;0;0;0;0;0;3;0;0;0;0;0;0;0;0;0;7;0;0;0;0;0;0;0;0;0;0;0;10;0;0;0;0;0;0;0;0;0;0;0;0
"C4_2017.04";19;23243;1276;0;13;6839;0;32;78;0;32;0;0;0;47;5190;0;6;446;11;71;0;6;0;0;31;0;11;32;0;0;0;0;0;0;0;54;0;0;0;0;0;0;0;0;0;0;0;0;0;0;0;0;0;0;0;0;0;0;0;0;0;0;0;0;0;0;0;0;0;0;0;0;0;0;0;0;0;0;0;0;0;749;0;18;0;0;0;0;0;0;0;0;0;0;0;0;0;0;0;0;60;6;0;0;0;0;0;43;0;40;22;0;0;0;0;956;0;0;0;0;0;0;0;8;0;0;0;0;1087;0;0;0;0;0;0;30;45;0;0;0;0;0;81;0;0;0;0;110;0;0;0;0;0;9;0;0;0;0;0;0;0;0;0;0;0;0;48;0;0;0;0;0;0;0;0;0;0;0;0;0;0;0;0;0;27;0;0;0;0;0;0;0;0;0;0;0;26;103;0;0;0;0;0;0;0;29;0;0;0;0;0;0;0;0;0;0;0;0;0;3;0;0;0;0;0;0;0;22;0;0;0;0;0;0;0;0;0;0;0;0;0;0;53;0;0;0;0;0;0;0;0;0;0;0;0;0;0;0;0;0;0;0;0;0;0;0;0;0;0;0;0;0;0;0;0;0;0;0;0;0;0;0;0;0;0;0;0;0;0;0;0;0;0;0;0;0;0;20;0;0;0;0;0;0;0;0;0;0;0;32;0;0;0;0;0;0;0;0;0;0;0;0;0;0;0;0;0;0;0;0;0;0;0;0;0;0;0;0;0;0;15;0;0;0;0;0;0;0;0;0;0;0;0;0;0;0;0;0;0;0;0;0;0;0;0;0;0;0;0;0;0;0;0;0;0;0;0;0;0;0;0;0;0;0;0;0;0;0;0;0;0;0;0;0;0;0;0;0;0;0;0;0;4;0;0;0;0;0;0;0;0;0;0;0;0;0;0;0;0;0;0;0;0;0;0;0;0;0;0;0;0;0;0;0;8;0;0;0;0;0;0;0;0;0;0;0;0;0;0;0;0;0;0;0;0;0;0;0;0;0;0;0;0;0;0;0;0;0;0;0;0;0;0;0;0;0;0;0;0;0;0;0;11;0;0;0;0;0;0;0;0;0;0;0;0;0;0;0;0;0;0;12;0;0;0;0;0;0;0;0;0;0;0;0;0;0;0;0;0;0;0;0;0;0;0;0;0;0;0;0;0;0;0;0;0;0;0;0;0;0;0;0;0;0;0;0;0;0;0;0;0
"C4_2018.02";97;2465;3845;46;1269;208;553;660;6203;192;0;0;404;0;515;0;23;115;3902;203;508;214;849;0;0;4353;0;33;1268;20;63;8;14;0;41;23;764;0;0;0;0;0;0;0;0;0;0;0;0;0;0;0;0;0;0;0;0;0;0;0;0;0;0;0;0;0;0;0;0;0;0;0;0;0;0;0;0;0;0;0;0;1100;39;0;1178;0;139;47;0;19;0;0;11;37;851;0;0;9;0;23;16;787;0;0;0;0;0;124;392;77;960;238;0;105;0;0;0;0;27;259;269;24;42;21;87;0;184;701;0;0;6;132;17;7;220;8;165;71;0;0;3;0;62;15;33;52;0;0;0;0;0;86;0;0;27;31;413;175;4;0;43;0;0;0;0;16;0;0;31;0;0;27;0;0;21;41;68;0;10;0;38;0;11;0;0;96;53;0;0;0;35;0;0;0;0;0;0;12;0;52;0;0;0;29;0;79;0;0;0;146;0;0;0;0;38;0;0;0;0;0;0;0;0;0;0;0;21;0;26;31;38;0;0;0;122;0;0;0;0;0;98;0;0;301;0;0;0;0;0;0;0;0;0;0;0;0;0;0;79;0;70;0;56;0;0;7;0;18;0;0;0;22;0;37;0;0;0;0;0;0;0;0;41;0;0;0;0;10;0;0;83;0;0;0;0;0;0;0;0;0;0;0;0;0;0;0;0;0;83;0;0;0;0;0;0;0;13;0;0;0;0;0;35;0;110;0;0;0;0;39;0;0;18;0;0;0;0;0;61;0;0;4;0;37;0;0;0;0;60;0;0;0;6;0;0;0;28;8;0;0;0;0;0;0;0;0;0;0;0;12;0;0;0;0;0;0;0;0;0;0;0;0;0;0;0;45;3;0;0;0;0;0;0;0;0;0;0;0;0;24;0;0;0;0;0;0;0;0;0;0;0;0;0;0;0;0;0;0;0;0;0;0;0;0;0;0;0;0;0;0;0;0;0;0;0;0;0;0;0;9;0;0;0;0;0;0;0;0;0;0;0;0;0;0;0;0;0;0;0;0;0;0;0;0;0;0;0;0;0;0;0;0;0;0;0;0;0;0;0;0;0;0;0;0;0;0;0;0;0;0;0;0;0;0;0;0;0;0;0;0;0;0;0;0;0;0;0;0;0;0;0;0;0;0;0;0;0;0;0;0;0;0;0;0;0;0;0;0;0;0;0;0;0;0;0;0;0;0;0;0;7;0;0;0;0;0;0;0;0;0;0;0
"C4_2018.04";1918;2397;5031;1996;28;175;968;2202;25;1343;63;330;533;0;439;0;2299;561;1330;0;36;913;591;0;132;287;0;0;1988;2603;171;39;80;121;75;177;273;12;196;0;0;0;0;0;0;0;0;0;0;0;0;0;0;0;0;0;0;0;0;0;0;0;0;0;0;0;0;0;0;0;0;0;0;0;0;0;0;0;0;0;0;63;0;0;151;783;360;254;164;5;63;63;195;72;0;15;46;71;0;267;73;287;69;75;20;0;0;387;62;211;35;30;0;381;69;24;0;0;127;305;338;66;0;54;336;57;7;9;0;0;0;34;25;36;507;201;169;40;19;5;19;14;41;0;24;89;38;0;35;0;87;76;11;9;0;16;11;0;55;0;185;0;82;5;0;102;9;0;50;0;0;45;0;0;43;0;123;0;0;0;0;0;72;0;99;13;59;33;39;0;10;0;80;29;39;12;0;173;0;66;0;10;0;65;0;0;0;16;0;112;77;0;0;22;0;0;56;0;0;0;0;9;22;10;0;0;31;0;41;5;0;0;0;19;36;0;0;11;0;0;0;0;0;9;0;0;55;0;0;0;10;34;0;0;0;26;36;0;65;3;0;0;0;28;0;6;12;0;0;0;0;15;0;25;0;51;29;0;0;0;18;168;0;0;0;65;0;32;0;9;0;40;0;0;0;0;0;0;19;0;0;0;0;0;7;0;10;0;0;0;0;19;0;0;0;0;16;9;34;0;33;0;15;0;29;42;0;0;0;29;0;0;20;38;78;1;0;0;0;0;0;8;0;18;18;66;0;0;0;0;10;0;23;7;0;0;0;19;0;12;0;0;0;0;0;0;0;0;45;0;0;0;0;0;0;0;0;0;0;2;0;0;0;0;0;16;0;0;0;0;0;0;0;0;0;18;0;0;0;0;0;0;0;0;0;0;34;0;0;0;0;0;0;0;0;0;13;0;0;0;0;0;0;6;0;0;0;0;0;0;0;3;0;0;0;12;0;28;0;0;0;0;0;0;0;0;0;0;0;0;0;18;0;0;0;0;0;0;0;0;0;0;0;0;0;0;0;0;0;0;0;0;0;0;0;0;0;0;0;0;0;0;0;0;0;0;0;0;0;0;0;0;0;0;0;0;0;0;0;0;0;0;4;0;0;0;0;0;0;0;0;0;0;0;0;0;0;0;11;0;0;0;0;0;0;0;0;0;9;0;0;0;0;0;0;0;0;0;3;0;0;8;1;0;0;0;0;0;0;0;0;0
"F1_2017.04";1430;5294;2644;375;29;275;1336;707;0;0;0;1198;1729;0;785;0;71;422;379;0;52;4380;1524;0;148;281;114;19;224;14;701;449;2099;82;78;311;44;0;52;0;0;0;0;0;0;0;0;0;0;0;0;0;0;0;0;0;0;0;0;0;0;0;0;0;0;0;0;0;0;0;0;0;0;0;0;0;0;0;0;0;0;330;135;0;0;1;274;345;544;0;0;0;335;0;0;119;121;12;0;1106;0;0;973;0;0;14;0;0;5;15;10;21;110;219;936;95;12;92;34;66;304;11;0;0;151;122;0;0;0;98;20;36;0;0;35;89;111;768;64;0;26;19;0;0;0;21;0;0;0;107;0;0;0;64;0;66;0;0;115;0;272;0;40;0;0;0;33;0;0;0;0;0;0;0;14;0;495;0;0;0;62;0;0;0;26;67;11;0;0;0;0;0;54;24;0;0;0;32;0;0;0;0;0;16;0;0;0;30;0;0;14;19;97;86;0;0;0;0;0;0;0;35;39;40;0;13;0;0;38;0;0;21;0;13;132;0;12;0;0;0;6;0;0;56;11;0;20;0;0;0;48;0;0;0;0;0;0;0;0;0;0;0;0;6;0;96;0;0;0;0;0;0;0;9;0;0;0;0;0;0;21;0;0;0;0;0;0;0;0;0;0;0;0;0;0;0;0;0;0;0;0;0;0;0;0;27;0;0;0;0;9;0;0;0;0;0;0;0;0;10;0;0;0;0;18;0;0;0;0;11;0;0;0;0;0;0;40;0;0;0;0;14;0;0;26;0;0;0;0;64;27;0;0;0;17;0;0;0;0;0;0;0;0;0;0;0;0;0;0;0;0;0;0;0;11;21;0;0;0;0;0;0;0;0;0;0;0;1;0;0;0;0;0;0;0;0;0;0;0;0;0;18;0;0;0;0;0;0;0;0;0;0;0;32;0;15;0;0;0;0;0;0;0;0;0;0;0;63;0;0;0;12;0;0;0;0;0;0;0;0;0;0;0;0;0;0;0;0;0;0;0;0;0;0;0;0;0;0;11;0;0;0;0;0;0;0;0;0;0;0;0;0;0;0;0;0;0;0;0;0;0;0;0;0;0;0;0;0;0;0;0;0;0;0;0;0;0;0;0;0;0;0;0;0;0;0;0;0;0;0;0;0;0;0;0;0;0;0;0;0;0;0;0;0;0;0;0;0;0;0;0;0;0;0;0;0;0;0;0;0;0;0;0;10;0;0;0;0;0;0;0;0
"F1_2018.02";545;4651;2117;34;15784;0;76;485;410;179;8;100;519;74;63;0;26;50;243;0;306;15;17;0;148;2176;65;0;153;0;0;214;105;0;342;0;41;0;41;0;0;0;0;0;0;0;0;0;0;0;0;0;0;0;0;0;0;0;0;0;0;0;0;0;0;0;0;0;0;0;0;0;0;0;0;0;0;0;0;0;0;48;0;100;81;0;297;334;0;16;113;23;10;183;47;185;240;56;0;0;64;50;116;2;114;149;106;57;138;238;428;0;0;3;0;49;0;14;159;164;78;277;125;110;16;62;37;35;0;0;17;16;26;51;9;139;0;0;0;27;47;0;0;19;29;0;0;0;0;0;0;0;12;88;66;65;32;51;0;0;0;0;0;56;0;54;37;0;0;0;0;0;0;0;0;49;30;0;29;0;0;0;22;0;0;0;43;5;0;0;38;0;10;12;0;0;0;0;0;3;0;0;3;48;58;0;0;0;0;0;0;0;0;0;0;0;0;0;0;0;0;0;10;17;19;5;8;0;0;60;205;0;0;0;42;0;0;0;0;0;0;0;0;7;0;0;0;0;0;0;0;0;29;0;0;0;0;0;0;0;17;0;2;0;0;0;10;49;0;0;0;3;0;0;0;0;0;0;0;0;9;0;0;0;0;0;0;6;0;0;0;0;0;0;0;0;0;0;0;0;0;0;0;0;0;0;0;0;0;0;10;0;0;0;0;0;38;27;0;0;0;12;0;0;0;73;0;0;0;9;0;0;0;0;0;0;0;0;0;0;0;0;0;0;0;0;28;0;0;0;0;0;0;3;12;0;0;0;0;0;0;0;0;0;0;0;0;6;0;0;0;0;0;0;0;0;0;0;0;2;0;0;0;20;0;0;0;0;0;0;0;0;0;0;0;0;0;0;0;0;0;0;0;0;0;0;0;0;0;0;0;0;0;0;0;0;0;0;0;0;0;0;0;0;0;0;0;0;0;0;0;0;0;0;0;0;0;0;0;9;0;0;0;0;0;0;0;0;0;0;0;0;0;0;0;0;0;0;0;0;0;0;0;0;0;0;0;0;0;0;0;0;0;0;0;0;0;0;0;0;0;0;0;0;0;0;0;0;0;0;0;0;0;0;0;0;0;0;0;0;0;0;0;0;0;0;0;0;0;0;0;0;0;0;0;0;0;0;0;0;0;0;0;0;0;0;0;0;0;0;0;0;0;0;0;0;0;0;0;0;0;0;0;0;0;0;0;0;0;0;0;0
"F1_2018.04";5656;1575;15205;734;9;1276;380;294;0;3619;1880;604;69;0;35;0;133;162;86;0;456;650;11;0;243;0;20;30;1358;130;88;59;150;37;61;27;1;6;145;0;0;0;0;0;0;0;0;0;0;0;0;0;0;0;0;0;0;0;0;0;0;0;0;0;0;0;0;0;0;0;0;0;0;0;0;0;0;0;0;0;0;12;95;13;87;79;165;204;22;97;28;927;202;22;0;50;36;39;0;0;290;0;22;28;10;0;0;17;11;11;129;0;0;11;33;42;0;58;122;126;83;285;5;23;47;130;0;0;0;0;59;105;15;116;108;49;70;0;0;22;0;13;0;0;0;0;20;63;0;0;64;0;11;0;0;21;0;0;22;0;0;0;6;0;0;0;4;0;30;0;17;34;0;0;30;0;18;4;7;0;0;0;7;0;22;0;0;24;47;0;0;31;0;6;0;0;0;2;0;10;9;0;0;34;2;0;0;0;0;0;0;0;0;0;0;0;0;0;0;0;0;0;0;12;0;12;0;0;0;0;0;0;0;0;0;30;0;0;0;0;0;0;0;8;0;0;16;4;0;0;27;0;0;0;0;0;0;0;16;0;0;0;0;14;8;0;0;0;0;0;0;10;0;6;0;0;8;0;0;0;8;0;0;0;0;0;0;24;0;26;0;6;0;0;0;0;0;0;0;0;0;0;0;0;0;0;0;0;0;0;9;0;0;0;0;0;18;0;17;0;0;0;0;0;0;9;0;0;0;0;0;0;0;0;0;9;0;0;0;5;0;17;3;0;0;0;0;0;0;0;20;0;44;0;6;0;0;6;0;0;0;0;0;0;0;0;0;0;0;0;0;0;0;0;0;0;0;0;0;0;0;0;0;0;3;0;0;0;0;0;0;0;0;0;0;0;0;0;0;0;0;0;0;0;0;0;5;0;0;0;0;0;0;0;0;0;0;0;0;0;0;0;0;0;0;0;0;9;0;0;0;0;0;0;0;0;0;0;0;0;20;0;0;0;0;0;0;0;0;0;0;0;0;0;0;0;0;0;0;0;0;0;0;0;4;0;0;0;0;0;0;0;0;0;0;0;0;0;0;0;0;0;0;0;0;0;0;0;0;0;0;0;0;0;0;0;0;0;0;0;0;0;0;0;0;0;0;0;0;0;0;0;0;0;0;0;0;0;0;0;0;0;0;0;0;0;0;0;0;0;0;0;0;0;0;0;0;0;0;0;0;0;0;0;0;0;0;0;0;0;0;0
"F2_2017.04";1567;13252;7028;533;0;1181;1720;166;0;58;200;473;177;0;572;0;216;5;34;0;838;828;21;0;96;34;493;39;448;30;43;321;2360;0;194;15;0;0;64;0;0;51;0;0;0;0;0;0;0;0;0;0;0;0;0;0;0;0;0;0;0;0;0;0;0;0;0;0;0;0;0;0;0;0;0;0;0;0;0;0;0;33;111;0;67;6;462;39;0;10;7;42;87;73;0;164;278;0;0;25;13;0;656;3;0;26;0;8;49;8;51;19;59;70;26;134;413;41;0;57;253;25;0;0;110;28;0;0;0;10;185;23;0;71;24;13;0;5;39;77;26;0;0;16;0;12;16;0;0;0;0;0;0;73;83;77;11;0;260;0;0;0;67;0;0;5;82;0;37;0;0;0;0;0;24;0;56;0;11;13;82;0;0;74;0;204;0;0;32;0;0;0;80;43;0;0;10;76;162;0;0;0;5;22;0;0;0;0;0;0;45;15;43;0;38;0;0;0;0;73;299;39;33;24;0;12;0;18;0;0;0;87;0;32;160;51;110;0;0;0;35;0;0;92;0;0;0;12;0;0;98;0;15;0;0;16;0;0;0;0;0;0;0;0;0;27;0;0;0;0;0;5;0;0;11;0;0;0;0;0;11;0;0;0;0;0;0;14;0;0;33;5;0;18;0;0;26;0;38;0;0;0;0;0;0;133;12;0;0;0;0;0;22;13;0;0;37;0;0;0;15;11;22;0;26;0;0;0;0;0;0;11;0;0;11;0;26;17;11;0;0;0;0;22;0;0;7;0;0;0;11;0;3;6;38;0;0;0;0;0;0;0;0;0;0;0;0;0;0;0;0;0;0;0;0;47;0;0;0;3;0;0;0;0;0;0;0;4;0;0;0;0;0;0;0;0;0;0;0;0;0;12;0;4;0;0;0;0;0;0;0;0;0;0;0;21;0;0;0;0;0;0;0;0;0;0;0;55;2;0;0;0;13;0;0;0;0;0;0;0;0;0;0;0;0;0;0;0;0;0;12;6;0;0;0;0;0;0;12;0;0;0;0;0;0;0;0;0;16;0;0;0;0;0;0;0;0;0;0;0;0;0;0;0;0;0;14;0;0;0;0;0;0;0;0;0;0;0;0;0;0;0;0;0;0;0;0;0;0;0;0;0;0;0;0;0;0;0;0;0;0;0;0;0;0;0;0;0;0;0;0;0;0;0;0;0;0;0;0;0;0;0;0;0;0;0;0;0;0;0;0;0
"F2_2018.02";1399;6895;3265;118;7755;0;152;1924;148;393;0;158;779;78;56;0;61;42;112;0;389;89;0;0;88;1527;73;25;238;0;14;341;136;0;637;0;0;0;45;0;0;0;0;0;0;0;0;0;0;0;0;0;0;0;0;0;0;0;0;0;0;0;0;0;0;0;0;0;0;0;0;0;0;0;0;0;0;0;0;0;0;0;0;316;6;2;128;242;3;73;160;11;50;271;7;275;273;156;0;0;31;0;149;5;212;85;185;116;105;651;381;7;0;0;0;80;0;15;340;512;101;193;211;153;40;59;45;0;0;0;101;36;55;79;0;185;0;0;0;51;50;0;27;0;23;8;23;0;0;0;0;0;8;66;141;103;13;54;0;0;0;0;14;157;0;37;59;1;5;0;0;32;0;0;0;85;43;24;38;17;0;0;23;0;0;0;45;5;0;8;53;0;17;15;0;0;0;58;0;0;16;0;0;94;102;0;0;0;0;0;0;0;0;0;0;12;87;0;0;0;0;0;20;15;28;10;23;0;0;114;131;0;0;13;10;12;0;0;0;0;3;59;0;18;0;0;0;0;0;0;0;0;44;0;0;0;0;0;0;0;44;0;19;0;0;0;13;38;0;0;0;19;0;0;0;0;5;0;68;0;11;0;0;0;0;0;0;0;0;0;0;0;0;0;0;0;0;0;0;16;0;0;0;0;0;0;0;0;0;0;12;15;0;0;18;0;43;9;0;0;14;20;13;0;0;39;0;0;0;16;10;0;75;0;0;0;0;0;0;0;0;0;0;6;0;0;21;0;0;0;0;0;21;0;24;0;0;0;0;0;0;0;0;0;0;0;0;10;0;0;0;0;0;0;0;0;11;0;0;2;0;0;0;11;0;10;6;0;0;0;0;0;0;0;0;0;0;0;0;0;14;0;0;0;0;0;0;0;0;0;18;0;0;0;0;0;0;0;0;0;0;0;0;5;0;0;0;0;0;0;18;0;0;0;0;0;0;8;0;0;0;0;0;0;8;0;0;0;0;3;0;0;0;0;0;0;0;8;0;21;0;0;0;0;0;0;0;0;0;0;0;0;0;0;0;0;0;0;0;0;0;0;0;0;0;0;0;0;0;0;0;0;0;0;0;0;0;0;0;0;0;0;0;0;0;0;0;0;0;0;0;0;0;0;0;0;0;0;0;2;0;0;0;0;0;0;0;0;0;2;0;0;0;0;0;0;0;0;0;0;0;0;0;0;0;0;0;0;0;0;0;0
"F2_2018.04";12816;689;9542;1860;0;0;742;259;0;1139;517;452;179;19;36;0;380;454;81;0;129;516;46;0;259;16;0;35;978;319;230;198;212;162;243;101;4;0;513;0;0;0;0;0;0;0;0;0;0;0;0;0;0;0;0;0;0;0;0;0;0;0;0;0;0;0;0;0;0;0;0;0;0;0;0;0;0;0;0;0;0;59;3;49;26;212;303;224;1633;386;49;255;220;62;0;202;238;91;0;0;81;0;54;1;56;0;0;69;9;36;47;0;0;8;128;56;0;37;143;532;95;87;12;36;44;139;61;0;0;0;41;37;38;83;106;65;68;0;29;15;15;0;0;0;0;0;45;0;0;0;14;0;31;0;0;33;0;0;19;0;0;0;25;0;0;0;14;0;19;0;24;15;0;0;0;0;35;18;5;2;0;0;46;0;18;0;0;20;22;0;77;0;38;16;0;0;0;4;0;4;35;10;0;79;0;0;0;0;0;0;25;0;0;0;0;0;0;0;0;0;0;2;37;0;11;0;0;0;0;0;0;0;0;15;8;20;0;17;0;0;0;38;0;6;0;0;43;0;0;0;31;0;35;0;0;0;0;13;0;2;0;0;0;25;0;0;0;0;0;0;0;36;0;9;0;10;13;0;0;0;19;0;0;0;0;0;0;16;0;0;0;0;0;0;0;0;0;0;0;0;0;0;0;0;0;0;21;0;0;11;11;0;0;0;0;0;28;0;18;0;0;0;0;0;0;0;0;0;0;0;0;0;0;0;0;0;4;0;0;4;0;12;0;0;13;0;0;0;0;0;4;0;4;0;13;0;0;0;0;0;0;0;0;0;0;0;0;0;0;0;0;0;0;0;0;0;0;0;0;0;0;0;0;0;0;0;0;0;0;0;0;0;0;0;0;0;0;0;0;16;0;0;0;0;0;0;0;0;0;0;0;0;0;0;0;0;0;0;0;0;0;0;0;0;0;0;0;0;2;0;0;0;0;0;0;0;0;0;0;0;0;0;0;0;0;0;0;0;0;0;0;7;0;0;0;0;0;0;0;0;6;0;0;0;0;0;0;0;12;0;15;0;0;0;0;0;0;0;0;0;0;0;0;0;0;0;0;0;0;0;0;0;0;0;0;0;0;0;0;0;0;0;0;0;0;0;0;0;0;0;0;0;0;0;0;0;0;2;0;0;0;0;0;0;0;0;0;0;0;0;0;0;0;0;0;0;0;0;0;0;0;0;0;0;0;0;0;0;0;0;0;0
"F3_2017.04";779;18936;7119;173;0;5476;699;64;0;46;241;0;0;0;186;0;50;30;0;2;450;325;131;0;14;0;0;0;120;20;50;147;541;9;24;7;34;0;20;0;0;0;0;0;0;0;0;0;0;0;0;0;0;0;0;0;0;0;0;0;0;0;0;0;0;0;0;0;0;0;0;0;0;0;0;0;0;0;0;0;0;28;967;0;23;4;158;36;0;5;0;16;0;8;0;47;0;0;0;54;0;0;315;0;7;0;0;22;10;31;0;18;1361;40;49;29;90;0;0;28;76;16;0;5;20;0;0;1;0;37;15;18;0;13;0;0;0;0;16;34;15;0;0;0;0;0;0;0;0;8;0;0;0;27;0;25;0;0;92;0;16;0;20;0;0;0;0;0;0;0;0;0;0;0;0;0;15;0;0;0;21;0;0;0;0;0;0;6;32;0;0;0;14;23;213;0;0;0;0;0;0;0;0;6;0;0;22;0;0;0;16;29;50;0;0;0;0;0;0;0;0;0;4;0;0;0;0;0;0;0;0;0;0;0;75;0;8;0;0;0;10;0;0;28;0;0;0;0;0;0;17;0;0;0;0;0;0;0;0;0;0;0;0;0;22;11;0;0;0;0;0;0;0;0;0;0;0;0;0;0;0;0;0;0;0;0;0;0;0;0;0;0;0;13;0;0;0;0;18;0;0;0;0;0;0;28;0;0;0;0;0;0;0;11;0;0;0;0;0;0;0;0;0;0;0;0;0;0;0;0;0;0;0;0;0;0;0;0;0;0;0;0;0;13;0;0;0;0;0;0;2;0;0;0;4;0;0;0;0;0;0;0;0;0;0;0;0;0;10;0;0;0;0;0;0;0;0;0;0;0;0;0;0;0;0;0;0;3;0;0;0;0;0;0;0;0;0;0;0;0;0;0;0;1;0;0;0;0;0;0;0;0;0;0;0;11;0;0;0;0;0;0;0;0;0;0;0;24;0;0;0;0;0;0;0;0;0;0;0;0;0;0;0;0;0;0;0;0;0;0;0;0;0;0;0;0;0;0;0;0;0;0;0;0;0;0;0;0;0;0;0;0;0;0;0;0;0;0;0;0;0;0;0;0;0;0;0;0;0;0;0;0;0;0;0;0;0;0;0;0;0;0;0;0;0;0;0;0;0;0;0;0;0;0;0;0;0;0;0;0;0;0;0;0;0;0;0;0;0;0;0;0;0;0;0;0;0;0;0;0;0;0;0;0;0;0;0;0;0;0;0;0
"F3_2018.02";2183;1422;4039;282;1498;121;259;979;26;210;9;760;91;147;149;0;151;128;11;0;331;326;0;0;898;198;1476;32;394;32;72;602;595;0;1537;25;0;0;181;0;0;0;0;0;0;0;0;0;0;0;0;0;0;0;0;0;0;0;0;0;0;0;0;0;0;0;0;0;0;0;0;0;0;0;0;0;0;0;0;0;0;26;0;457;0;20;1036;534;0;175;423;15;141;769;0;602;577;266;0;25;47;0;316;1;340;643;337;303;130;137;382;18;0;0;0;150;0;24;862;971;206;637;325;627;54;187;326;0;0;0;228;145;143;152;20;271;0;0;42;105;144;0;22;11;198;17;80;0;0;0;0;0;46;139;191;456;16;19;5;0;0;0;56;196;0;18;91;0;0;0;12;0;0;0;0;81;61;78;49;42;0;0;115;0;0;0;114;8;0;11;91;0;37;28;0;0;4;71;0;0;45;0;0;197;136;0;0;0;0;0;0;0;0;13;14;33;0;0;0;0;0;0;30;60;48;0;77;0;14;181;285;0;0;12;49;49;0;0;0;0;11;25;0;35;0;0;0;0;0;0;0;22;155;0;0;5;0;0;59;0;7;0;9;0;0;0;102;34;10;0;0;40;0;0;0;0;5;0;51;0;24;0;6;0;0;0;0;3;0;0;0;20;0;0;0;0;35;0;1;92;0;0;0;0;11;0;0;0;0;0;0;10;0;0;11;0;36;7;0;0;43;19;22;0;0;23;0;35;0;0;0;0;0;0;5;0;5;17;0;23;0;0;0;55;0;0;64;0;0;0;0;0;0;0;24;0;0;0;0;0;0;0;0;0;0;0;0;23;14;32;0;0;0;0;0;0;0;0;0;8;29;0;0;13;0;13;23;0;0;0;0;0;0;7;0;0;0;0;0;0;16;0;0;0;0;0;0;0;0;0;14;0;0;0;11;0;0;0;0;0;0;0;0;0;1;0;0;22;0;0;0;0;0;0;0;0;0;0;0;0;0;0;0;0;6;0;0;0;0;10;0;0;15;0;0;0;0;0;1;0;0;0;0;0;0;0;0;0;0;0;0;0;0;0;0;0;0;0;0;0;0;0;0;0;0;0;0;0;0;11;12;12;0;0;0;0;0;0;0;0;0;0;0;0;0;0;0;0;10;0;0;0;0;0;0;0;0;0;0;0;0;0;0;0;0;0;0;0;0;0;0;0;0;0;0;0;0;0;2;0;0;0;0;0;0;0;0;0;0;0;0;0
"F3_2018.04";2589;5306;16140;315;0;611;238;83;0;4371;2969;244;236;0;17;0;34;109;31;0;687;209;10;0;106;0;28;48;1952;36;72;0;61;29;38;36;0;0;50;0;0;0;0;0;0;0;0;0;0;0;0;0;0;0;0;0;0;0;0;0;0;0;0;0;0;0;0;0;0;0;0;0;0;0;0;0;0;0;0;0;0;14;52;10;52;40;63;97;96;62;16;1110;138;14;0;13;41;19;0;0;424;0;0;5;0;0;0;21;36;20;166;0;0;0;19;27;0;10;242;78;47;332;0;0;8;66;4;0;0;0;70;51;15;101;45;37;0;0;9;5;0;5;0;0;0;0;13;112;0;0;59;0;8;0;0;0;0;0;0;0;0;0;0;0;0;0;0;0;5;0;24;12;0;0;0;0;23;0;0;0;0;0;15;0;7;0;0;8;71;0;0;34;0;0;0;10;24;0;0;0;0;0;0;12;0;0;0;0;0;0;11;0;4;0;0;0;0;0;0;0;5;0;0;0;0;38;0;0;0;4;0;0;0;0;0;33;0;0;2;0;0;0;0;0;0;0;6;0;0;0;9;0;0;0;0;3;0;0;0;0;0;0;0;6;0;0;0;0;0;0;0;11;0;3;0;0;17;0;0;0;6;0;0;0;0;0;0;0;0;108;0;0;0;0;0;0;0;0;0;0;0;0;0;0;0;0;5;0;0;0;6;0;0;0;0;0;18;0;14;0;0;0;0;0;0;0;0;0;0;0;0;0;0;0;0;5;0;0;0;0;0;8;0;0;6;0;0;0;0;0;8;9;43;0;0;0;0;0;0;0;0;0;0;0;0;0;0;0;0;0;0;0;0;0;0;0;0;0;0;0;0;0;0;0;0;0;0;0;0;0;0;0;0;0;0;0;0;0;0;0;0;0;0;0;0;0;0;0;0;0;0;0;0;0;0;0;0;0;0;0;0;0;0;0;0;0;0;0;0;0;7;0;0;0;0;0;0;0;0;0;15;0;0;0;0;0;0;0;0;0;0;0;0;0;0;0;0;0;0;0;0;0;0;0;4;0;0;0;5;0;11;0;0;0;0;0;0;0;0;0;0;0;0;0;0;0;0;0;0;0;0;0;0;0;0;0;0;0;0;0;0;0;0;0;0;0;0;0;0;0;0;0;0;0;0;0;0;0;0;0;0;0;0;0;0;0;0;0;0;0;0;0;0;0;0;0;0;0;0;0;0;0;0;0;0;0;0;0;0;0;0;0
"F4_2017.04";215;20170;3680;66;0;11266;237;48;0;66;287;0;51;0;124;0;22;9;7;0;513;400;18;0;28;8;15;0;0;0;9;65;364;25;0;0;0;0;17;0;0;0;0;0;0;0;0;0;0;0;0;0;0;0;0;0;0;0;0;0;0;0;0;0;0;0;0;0;0;0;0;0;0;0;0;0;0;0;0;0;0;0;1484;0;28;0;54;0;10;0;0;34;18;0;0;23;38;0;0;0;0;0;100;0;0;0;0;0;12;28;80;0;20;18;18;49;220;0;0;0;53;20;0;0;40;20;0;0;0;65;0;0;0;0;0;5;0;32;17;0;0;0;0;0;0;0;0;200;0;0;0;0;0;0;0;26;0;0;16;0;0;0;8;0;0;0;0;0;0;0;0;0;0;0;0;0;15;0;10;0;0;0;0;0;0;0;0;0;35;0;4;0;9;0;0;0;0;0;0;7;0;0;0;0;0;0;21;0;0;0;0;0;0;0;9;0;0;0;0;0;0;0;0;0;0;24;0;0;0;0;0;0;0;0;0;0;6;0;0;0;0;0;218;9;0;0;0;0;0;0;9;0;0;0;0;0;0;0;0;0;0;0;0;0;0;16;0;0;0;0;0;0;0;0;0;0;0;0;0;0;0;0;0;0;0;0;0;0;0;0;0;0;0;0;0;0;0;0;0;0;0;0;0;0;0;15;0;0;0;0;0;0;0;0;3;0;14;0;0;0;0;0;0;0;0;0;0;0;0;0;0;21;0;0;0;0;0;0;0;0;0;0;0;0;0;0;0;0;0;0;0;0;5;0;4;0;0;0;0;0;0;0;0;0;0;0;0;0;0;0;0;0;0;0;0;0;0;0;0;0;0;0;0;0;0;0;0;0;0;0;0;0;0;0;0;0;0;0;0;0;0;0;0;0;0;0;0;0;0;0;0;0;0;0;0;0;0;0;0;0;0;0;0;0;0;0;0;11;0;0;0;0;0;0;0;0;0;0;0;0;0;0;0;0;0;0;0;0;0;0;7;0;0;0;0;0;0;0;0;0;0;0;0;0;0;0;0;0;0;0;0;20;0;0;0;0;0;0;0;0;0;0;0;0;0;0;15;0;0;0;0;0;0;0;0;0;0;0;0;0;0;0;0;0;0;0;0;0;0;0;0;0;0;0;0;0;0;0;0;0;0;0;0;0;0;0;0;0;0;0;0;0;0;0;0;0;0;0;0;0;0;0;0;0;0;0;0;0;0;0;0;0
"F4_2018.02";2333;2607;3523;342;1443;69;273;582;25;117;0;657;97;138;111;0;203;59;0;0;222;313;0;0;696;204;1312;0;723;18;66;655;713;0;1865;25;1;0;170;0;0;0;0;0;0;0;0;0;0;0;0;0;0;0;0;0;0;0;0;0;0;0;0;0;0;0;0;0;0;0;0;0;0;0;0;0;0;0;0;0;0;9;0;448;23;18;993;588;0;134;374;20;92;1040;0;579;616;322;0;27;24;0;250;2;334;598;330;138;109;58;413;10;0;0;0;111;0;21;1309;819;171;655;274;580;48;108;295;0;0;0;246;103;135;222;0;368;0;0;29;101;77;0;21;5;149;7;68;0;0;0;0;0;81;122;139;624;12;44;20;0;0;0;45;154;0;25;123;0;0;0;7;0;0;0;0;144;90;56;29;66;0;0;69;0;0;0;135;7;0;0;100;0;27;33;0;0;9;85;0;0;58;0;0;192;154;0;0;0;0;0;18;0;0;0;0;14;0;0;0;0;0;9;38;53;54;13;53;6;0;253;231;29;0;13;42;33;5;7;7;0;5;110;0;31;0;0;0;0;0;0;37;19;273;0;0;0;0;0;68;0;14;0;27;21;0;0;105;42;26;0;0;46;0;0;4;0;0;0;46;0;31;0;8;0;0;0;0;4;0;0;0;12;0;0;0;0;41;0;0;32;0;0;0;0;0;0;5;0;0;0;10;5;0;0;0;4;17;9;0;0;23;24;52;0;0;0;0;31;0;0;0;0;0;0;0;0;0;0;0;20;0;0;0;48;0;0;21;0;30;0;0;0;2;9;36;0;0;0;0;0;0;0;0;0;0;0;3;20;21;21;0;0;0;0;0;0;0;0;0;15;0;0;0;19;0;0;20;0;0;0;0;0;0;0;0;0;0;0;0;0;15;0;0;0;0;0;0;0;0;0;8;0;0;0;0;0;0;0;0;0;0;0;0;0;0;0;0;6;0;0;0;0;0;0;0;0;0;12;0;0;0;0;0;0;0;0;0;0;0;5;0;0;0;0;0;0;0;0;6;0;0;0;0;0;0;0;0;0;0;15;0;0;0;0;0;0;0;0;0;0;0;0;0;0;0;0;0;0;0;10;0;13;0;0;0;0;0;0;0;0;0;0;0;0;0;0;0;2;0;13;0;0;0;0;0;0;0;0;0;7;0;0;0;0;0;0;0;0;0;0;9;0;0;0;0;0;0;0;0;0;0;0;0;0;0;0;0;0;0;0;0;0
"F4_2018.04";7163;3165;12392;1312;13;126;825;483;0;1121;746;1079;95;12;61;0;247;580;71;0;248;846;39;0;315;0;5;76;1197;196;209;88;248;348;124;117;11;13;257;0;0;0;0;0;0;0;0;0;0;0;0;0;0;0;0;0;0;0;0;0;0;0;0;0;0;0;0;0;0;0;0;0;0;0;0;0;0;0;0;0;0;34;6;29;50;137;340;319;94;257;32;394;508;91;0;64;112;103;0;0;121;25;0;38;21;0;0;56;5;68;84;0;0;10;87;127;0;95;148;257;129;100;6;36;82;175;8;0;0;0;42;401;41;117;158;88;0;0;13;36;23;5;0;0;9;9;39;0;0;58;29;0;0;0;0;32;0;0;25;0;30;0;15;0;0;0;5;0;0;0;35;49;0;0;35;0;51;11;9;0;0;0;57;0;35;0;0;50;11;0;0;0;9;10;0;0;0;12;58;13;15;10;0;58;1;0;0;13;0;0;37;0;0;0;0;0;0;0;0;0;0;5;8;10;7;0;0;0;0;8;0;0;0;10;3;18;3;14;0;0;0;32;0;11;0;0;33;16;0;12;31;0;40;0;0;0;0;0;0;0;0;0;0;21;0;0;4;0;0;0;0;31;0;13;0;0;15;0;0;0;20;11;0;0;0;0;0;14;0;34;0;3;0;0;0;0;0;0;0;0;0;0;0;0;0;16;33;0;0;5;7;1;0;0;0;0;22;0;0;10;2;0;0;0;0;0;0;0;0;0;0;0;0;0;11;11;0;0;0;11;0;18;9;0;13;0;0;0;0;0;11;0;7;0;24;0;0;0;0;0;0;0;16;0;0;0;0;20;0;0;0;0;0;0;0;0;0;0;0;0;0;0;0;0;0;0;0;0;0;0;0;0;0;0;0;0;0;0;10;0;0;0;0;0;0;0;0;0;0;0;0;0;0;0;0;0;0;0;0;0;0;0;0;0;0;0;0;4;3;0;0;0;0;0;0;0;0;0;0;0;0;0;0;0;0;0;0;0;0;0;0;21;0;0;0;0;0;0;0;0;0;0;0;0;8;0;0;0;9;0;0;0;0;0;0;0;0;0;0;0;0;0;0;0;0;0;0;0;0;0;0;0;0;0;0;0;13;0;0;0;0;0;0;0;0;0;0;0;0;0;0;0;0;0;0;0;0;0;0;0;0;0;0;0;0;0;0;0;0;0;0;0;0;0;0;0;0;0;0;0;0;0;0;0;0;0;0;0;0;0;0;0
"H1_2017.04";14889;3622;1726;454;0;282;920;90;0;78;214;180;40;5178;1705;0;146;48;67;0;159;321;23;0;269;10;69;49;286;19;47;439;807;18;35;115;0;21;114;0;0;0;0;0;0;0;0;0;0;0;0;0;0;0;0;0;0;0;0;0;0;0;0;0;0;0;0;0;0;0;0;0;0;0;0;0;0;0;0;0;0;8;58;23;25;3;37;421;0;132;0;32;269;36;0;11;201;10;0;0;93;0;0;0;12;103;0;121;10;30;21;75;0;0;88;57;47;0;27;71;379;28;0;265;80;257;0;0;899;36;11;31;0;16;788;111;0;0;0;43;16;1065;0;0;122;77;32;0;0;0;5;0;0;8;0;33;0;0;6;0;0;0;22;0;0;0;0;95;0;0;0;0;16;0;0;0;0;0;7;0;0;0;0;0;21;0;69;19;0;0;3;20;29;21;0;38;0;35;0;4;0;0;0;0;0;0;22;0;0;0;35;9;68;0;105;0;0;0;0;0;0;28;21;3;9;144;0;16;0;0;0;11;0;0;29;0;0;56;34;0;0;12;0;0;0;95;0;0;0;0;0;12;9;121;0;0;0;0;0;0;0;0;0;7;0;0;0;0;0;0;0;0;0;15;2;0;7;0;0;0;5;27;0;0;9;0;0;0;86;0;0;0;0;19;23;0;0;45;0;0;5;0;0;0;29;45;0;0;0;0;35;0;30;0;0;0;35;0;0;57;0;6;0;0;0;0;0;0;0;1;0;21;0;0;13;43;0;5;0;0;0;0;0;0;4;2;0;0;0;0;0;0;0;0;0;0;0;0;0;0;0;0;0;0;0;0;0;0;0;0;0;0;0;0;0;0;24;0;0;0;0;0;0;0;9;0;0;0;0;0;0;0;0;0;0;0;0;0;6;0;0;0;0;0;0;0;0;0;0;7;0;0;19;0;0;0;0;0;0;0;0;0;0;0;0;0;0;0;0;0;0;7;0;10;0;0;0;0;0;0;0;0;0;0;0;0;0;0;0;0;0;0;0;0;16;0;0;0;0;0;0;0;0;0;0;0;0;0;0;0;0;0;0;0;0;0;0;0;0;0;0;0;0;0;0;0;15;12;0;0;0;0;0;0;0;0;0;0;0;0;0;0;0;0;0;0;0;0;0;0;0;0;0;0;0;0;0;0;0;10;0;0;0;0;0;0;0;0;0;0;0;0;0;0;0;0;0;0;0;0;0;0;0;0;0;0;0;0;0;0;0;0
"H1_2018.02";22067;2008;856;1355;28;0;2865;20;15;110;75;328;410;0;34;0;90;21;18;38;89;276;0;0;253;83;904;0;237;32;307;473;246;9;354;40;0;0;46;0;53;0;0;0;0;0;0;0;0;0;0;0;0;0;0;0;0;0;0;0;0;15;0;0;0;0;0;0;0;0;0;0;0;0;0;0;0;0;0;0;0;18;1;92;0;52;176;673;0;69;245;0;123;476;0;11;82;65;0;0;31;0;0;196;193;0;61;40;18;0;16;19;0;0;0;12;0;0;419;97;182;77;22;106;74;91;17;56;0;0;236;0;62;66;15;65;0;6;32;31;64;0;49;95;15;34;23;0;0;0;0;0;79;0;6;28;9;45;0;0;0;0;10;79;0;0;27;0;0;0;29;13;0;20;15;25;21;14;0;5;0;0;6;0;0;0;27;0;0;9;0;0;3;21;0;6;9;49;0;0;29;0;0;27;25;0;0;0;0;0;52;50;3;4;0;0;0;24;0;0;0;7;26;0;8;8;4;6;40;14;0;53;0;19;3;0;0;11;0;0;0;0;0;2;0;18;0;0;0;30;0;0;89;0;0;0;0;0;0;0;2;0;14;0;0;5;7;0;40;69;0;16;0;4;0;0;0;0;0;0;0;0;0;0;0;0;0;0;0;0;0;0;0;23;0;0;0;0;0;0;0;0;0;0;11;12;0;0;0;0;0;0;0;28;0;0;0;5;0;0;0;18;0;0;0;0;0;0;0;4;0;0;0;0;20;7;0;29;0;0;0;0;5;0;0;0;0;6;0;0;0;0;0;4;3;0;0;0;0;0;4;0;0;0;46;0;41;0;0;0;0;0;0;0;0;0;0;0;0;3;0;0;0;0;0;0;0;0;0;0;0;0;0;0;0;0;0;0;0;0;0;0;0;0;0;0;0;15;0;0;0;0;0;0;0;0;0;0;0;0;0;0;24;0;0;0;0;2;0;0;0;0;0;0;0;0;0;22;0;0;0;0;0;0;0;0;0;0;0;0;10;0;0;0;0;0;0;0;0;0;0;0;0;0;0;0;0;0;0;0;0;0;0;0;0;0;0;11;0;0;0;0;0;0;0;0;0;0;0;0;0;0;0;0;0;0;0;0;0;0;0;0;0;0;0;0;0;0;0;0;0;0;0;0;0;0;0;0;0;0;0;0;0;0;0;0;0;0;0;0;0;11;0;0;0;0;0;0;0;0;0;0;0;0;0;0;0;0;0;0;0;0
"H1_2018.04";16167;248;2156;1539;0;33;927;2249;0;388;74;469;108;93;145;0;490;335;74;0;30;306;412;0;471;13;378;0;1388;432;60;148;352;90;525;33;0;0;473;0;0;46;0;0;0;0;0;0;0;0;0;0;0;0;0;0;0;0;0;0;0;0;0;0;0;0;0;0;0;0;0;0;0;0;0;0;0;0;0;0;0;97;0;29;7;209;978;178;76;228;18;35;316;357;0;26;245;109;0;22;31;0;86;114;70;44;0;22;7;114;58;17;45;0;241;0;0;40;297;121;233;13;5;249;40;194;0;12;0;0;61;0;0;446;25;195;0;40;45;63;150;0;0;0;32;7;46;0;0;100;5;0;0;9;3;134;0;0;6;0;0;0;28;0;203;0;0;0;51;0;26;0;25;0;25;0;11;0;0;17;0;0;80;43;21;0;29;45;0;0;89;72;12;22;0;0;64;9;0;0;6;48;0;17;0;24;0;5;0;0;33;6;13;17;5;0;0;65;0;0;0;78;16;0;21;8;0;16;6;20;26;0;0;20;0;17;71;0;12;48;0;50;0;25;9;26;23;125;0;0;0;0;58;0;11;14;0;44;0;0;8;57;0;8;0;0;0;0;0;0;0;0;0;0;61;28;21;0;0;0;5;0;0;0;13;79;0;0;0;0;0;9;0;0;0;0;0;16;22;0;0;43;0;0;0;11;22;0;0;0;0;0;0;0;0;0;5;0;16;0;0;0;0;9;0;0;0;0;0;0;0;0;7;0;14;0;9;11;0;11;0;0;0;9;28;0;6;0;0;0;4;26;0;5;18;20;0;0;0;0;0;0;12;0;0;0;2;2;6;0;0;0;0;0;0;0;0;0;0;5;0;0;0;3;0;0;0;0;0;0;0;0;0;0;0;0;0;0;11;0;0;0;0;0;13;0;0;0;0;0;0;0;5;0;0;0;6;0;0;0;0;0;0;0;6;0;0;4;0;0;0;0;8;0;0;0;3;0;0;0;0;0;0;0;0;0;0;0;0;0;0;12;13;0;0;0;0;9;0;0;5;0;0;0;0;0;0;0;30;0;0;0;8;0;0;0;0;0;0;0;0;15;0;0;0;0;0;0;0;0;0;0;3;4;0;0;0;5;0;0;0;9;0;0;0;0;0;0;0;0;0;0;0;0;0;0;0;0;0;0;8;10;0;0;0;0;0;0;0;0;0;0;11;9;0;0;0;0;2;0;0;0;0;0;5;0;0;0;0;0;0;0
"H2_2017.04";16690;2515;878;506;0;967;1135;20;0;20;82;184;31;8093;1226;0;118;0;26;0;31;261;13;0;252;0;0;0;206;23;34;495;873;24;42;18;0;30;127;0;0;0;0;0;0;0;0;0;0;0;0;0;0;0;0;0;0;0;0;0;0;0;0;0;0;0;0;0;0;0;0;0;0;0;0;0;0;0;0;0;0;0;0;16;14;10;67;182;0;139;0;7;141;24;0;7;182;0;0;0;14;0;0;6;15;188;29;52;6;25;38;50;0;0;139;84;34;0;51;50;295;10;0;204;79;251;0;0;472;0;0;44;0;0;450;148;0;0;0;54;35;0;0;0;18;34;63;0;0;0;0;0;0;0;121;12;0;0;0;0;0;0;29;0;21;0;0;881;0;0;0;0;0;0;13;0;12;0;6;0;0;0;0;0;35;0;44;9;0;0;0;27;54;14;0;51;0;43;8;0;0;0;0;0;0;0;0;26;0;0;0;12;0;42;0;0;0;0;0;0;172;0;33;0;11;0;0;26;0;0;0;0;0;0;39;0;0;20;0;0;0;0;4;0;0;0;0;0;14;0;0;14;0;58;0;0;0;0;0;0;0;0;0;5;0;0;0;0;0;0;0;0;0;5;0;0;0;0;0;0;4;0;0;0;0;0;0;0;0;0;0;0;0;0;0;0;0;0;0;0;7;0;0;0;19;29;0;0;0;0;0;0;0;0;0;57;47;0;0;0;0;0;0;0;0;0;0;0;0;0;0;17;0;0;0;23;0;0;0;0;0;0;0;0;15;0;0;0;0;0;0;0;0;0;0;0;0;0;53;0;0;0;0;0;0;0;0;6;0;0;0;0;0;0;0;0;9;0;0;0;0;0;0;0;0;0;0;0;0;0;0;0;0;0;12;0;0;0;0;0;0;0;0;0;0;0;0;0;0;0;0;0;0;0;0;0;0;0;0;0;0;0;0;0;0;0;0;2;0;50;0;0;0;0;0;0;0;0;0;0;0;0;0;0;0;0;0;0;0;0;0;0;0;0;0;0;0;0;0;0;0;0;0;0;0;6;0;0;0;0;0;0;3;0;0;0;0;0;0;0;0;0;0;0;0;0;0;0;0;0;0;0;0;0;0;0;0;0;0;0;0;14;0;11;0;0;0;0;0;0;0;0;0;11;0;0;0;0;0;0;0;0;12;0;0;0;0;0;0;0;0;0;0;0;0;0;0;0;0;0;0;0;0;0;0;0;0;0;0;0;0;0
"H2_2018.02";18877;864;853;1103;13;0;2574;14;1;248;91;593;1515;8;58;0;96;588;0;378;128;330;389;0;502;107;85;22;271;19;873;728;188;36;399;182;0;0;63;0;0;0;14;0;0;0;0;0;0;0;0;0;0;0;0;0;0;0;0;0;0;0;0;0;0;0;0;0;0;0;0;0;0;0;0;0;0;0;0;0;0;39;2;94;21;17;228;1048;19;122;150;0;412;626;0;17;124;56;0;0;22;0;0;163;143;0;99;110;7;0;19;21;0;0;12;0;0;33;517;151;199;65;23;81;89;125;9;62;0;0;50;0;49;69;71;139;0;53;51;52;172;0;19;127;19;32;26;0;0;0;0;0;48;0;11;26;5;120;0;0;131;0;0;59;0;0;53;0;8;0;37;38;50;0;48;8;38;12;0;12;22;45;0;0;0;0;21;10;0;0;6;0;0;45;0;11;1;49;0;0;43;9;0;0;40;0;0;5;0;0;69;60;0;34;0;0;34;33;0;0;0;6;49;0;11;0;2;4;64;42;0;21;0;20;5;0;25;0;0;0;0;0;0;0;0;0;3;0;0;10;37;0;60;0;0;13;0;0;0;0;1;0;15;0;0;8;0;0;62;10;0;11;123;4;0;0;0;0;0;17;0;0;0;0;38;0;0;0;0;0;14;0;0;20;0;0;0;0;0;0;0;0;0;0;0;0;0;0;0;0;0;0;0;24;7;0;0;8;0;0;12;1;0;0;11;0;0;0;0;0;0;0;0;0;0;9;0;10;0;0;0;0;18;0;0;0;7;0;0;0;0;0;0;0;7;0;0;0;0;0;0;0;0;0;0;0;14;0;0;0;0;0;0;0;0;0;0;0;0;2;0;0;0;2;0;0;0;0;0;0;0;0;0;9;0;0;0;12;0;0;0;0;0;0;0;0;0;0;0;0;0;27;0;0;0;0;0;0;0;0;0;0;0;0;0;0;0;0;0;0;0;0;0;0;0;0;0;0;0;0;0;0;0;0;0;0;0;0;2;0;0;0;0;0;0;0;0;0;0;0;0;0;0;0;0;0;0;0;0;0;0;0;0;0;0;0;0;0;0;0;0;0;0;0;0;0;0;0;0;0;0;0;0;0;0;0;0;0;0;0;0;0;0;0;0;0;0;0;0;0;13;0;0;0;0;0;0;0;0;0;0;0;0;0;0;0;0;0;0;5;0;0;0;0;0;0;0;0;0;0;0;0;0;0;0;0;0;0;0;0;0;0
"H2_2018.04";15786;103;1976;1489;0;0;915;1437;0;330;75;476;147;104;115;0;555;195;100;0;27;460;159;0;517;0;399;0;1404;498;48;172;333;22;523;18;0;0;341;0;39;0;0;0;0;0;0;0;0;0;0;0;0;0;0;0;0;0;0;0;0;0;0;0;0;0;0;0;0;0;0;0;0;0;0;0;0;0;0;0;0;98;0;30;0;303;1473;342;86;210;24;50;461;361;0;22;207;124;0;0;51;0;86;88;104;80;0;28;12;119;28;23;0;0;137;0;0;33;325;106;260;40;4;211;57;233;0;10;0;0;57;0;0;378;29;255;0;43;47;57;104;0;0;0;78;0;36;0;0;39;25;0;0;15;10;180;0;0;5;0;0;0;29;0;240;0;0;0;16;0;33;0;0;0;16;0;27;0;15;59;0;0;131;0;0;49;51;64;12;0;67;64;0;17;0;0;80;2;0;0;0;58;0;5;3;0;0;0;0;0;40;0;12;8;12;0;0;86;0;0;0;96;0;0;14;7;0;22;7;21;53;0;0;17;5;41;107;5;25;48;0;54;0;39;18;16;26;64;14;0;22;0;32;0;0;12;0;40;11;0;3;43;0;11;0;0;11;6;0;6;0;12;0;0;39;18;24;0;0;0;0;0;0;0;10;13;0;7;0;0;0;11;29;0;0;0;0;22;22;0;0;0;0;0;0;0;8;0;0;0;0;0;0;0;0;0;0;0;28;0;0;0;0;12;5;0;0;0;0;0;0;12;0;0;19;0;0;0;0;25;0;0;0;22;15;0;0;0;0;0;0;13;0;12;19;16;0;0;0;0;0;0;13;0;0;0;8;8;0;0;0;0;0;0;0;0;0;0;0;1;0;0;0;0;0;0;0;0;0;0;0;0;0;0;0;0;0;0;12;0;0;0;0;0;0;0;0;0;0;0;0;0;0;0;0;1;8;0;0;0;0;0;0;0;4;0;0;10;18;0;0;0;25;0;0;0;0;0;0;0;0;0;0;0;0;0;0;0;0;0;0;15;15;0;14;0;0;0;0;0;7;0;0;0;0;0;0;0;48;0;11;0;5;0;0;0;17;0;0;0;0;0;0;0;0;0;0;0;0;0;0;0;5;0;14;0;0;0;12;0;0;0;0;0;0;0;0;0;0;0;0;0;0;0;0;0;0;0;0;0;0;0;0;0;0;0;0;0;0;0;0;0;0;0;0;0;0;0;0;0;0;0;0;0;0;0;0;0;0;0;0;0
"H3_2017.04";14653;9557;1099;426;0;1757;1076;0;0;34;95;494;22;228;389;0;231;32;0;0;97;530;0;0;234;0;786;10;434;34;25;415;697;21;268;8;0;0;152;0;287;193;217;26;18;21;0;0;0;0;0;29;35;31;29;27;0;20;4;6;4;0;0;0;0;0;4;0;0;0;0;0;0;0;0;0;0;0;0;0;0;50;26;17;18;22;531;26;0;190;0;26;28;195;0;10;273;26;0;19;31;0;0;0;9;309;43;102;0;0;33;15;0;0;22;183;10;37;159;53;380;17;0;267;125;242;0;0;12;89;18;51;0;73;19;38;0;0;0;199;86;13;0;0;0;21;0;67;0;0;6;0;0;0;0;28;0;0;3;49;0;0;10;0;19;0;0;128;0;0;0;0;55;0;15;0;17;0;17;0;0;0;0;0;10;0;0;6;0;0;15;25;0;15;0;89;48;21;0;0;0;21;0;0;3;0;14;9;0;0;23;16;14;0;0;0;0;0;0;0;6;5;0;16;9;13;0;10;0;6;0;23;0;0;0;0;45;0;30;0;0;27;12;0;112;0;16;0;102;0;10;0;0;0;0;0;0;0;0;0;0;0;0;0;0;0;0;0;0;0;0;0;0;10;20;0;9;0;0;0;0;22;0;0;29;0;0;0;0;0;0;0;96;0;0;0;0;74;0;12;5;0;11;0;0;41;0;0;0;0;0;0;0;0;0;0;38;0;0;0;0;0;0;0;0;0;0;0;0;0;0;0;0;0;0;27;0;10;0;0;51;0;0;0;40;0;12;0;0;0;10;35;0;0;13;0;0;0;0;0;0;15;0;0;0;0;0;0;0;0;0;0;0;0;0;0;17;42;0;0;0;0;0;0;0;0;0;0;0;15;0;0;0;0;0;0;0;0;0;0;0;0;0;0;0;0;0;0;0;0;0;0;0;0;17;0;0;0;0;0;0;0;0;0;0;0;0;12;6;0;0;0;0;0;0;0;0;0;0;0;0;0;0;0;0;0;0;0;0;0;8;3;0;0;0;0;0;0;0;0;0;0;0;0;0;0;0;0;8;0;0;0;0;0;0;0;0;0;0;0;0;0;14;0;0;0;7;0;0;0;0;0;0;0;0;0;0;0;0;0;0;0;0;0;0;0;0;0;0;0;0;0;0;0;0;0;0;0;0;0;0;0;0;0;0;0;0;0;0;0;0;0;0;0;0;0;0;0;0;0;0;0;5;0;2;8;0;0;0;0;0;0
"H3_2018.02";21611;1292;739;1513;11;0;4014;24;0;219;104;400;1288;0;44;0;94;378;0;191;182;406;72;0;224;17;19;250;149;20;956;753;156;0;256;119;0;0;46;0;0;0;0;0;0;0;0;0;0;0;0;0;0;0;0;0;0;0;0;0;0;0;0;0;0;0;0;0;0;0;0;0;0;0;0;0;0;0;0;0;0;0;6;41;0;40;102;518;0;90;121;9;204;235;0;41;0;56;0;0;39;0;0;127;64;0;37;18;9;14;7;13;0;5;0;11;0;0;181;174;258;38;29;64;110;9;13;13;0;7;0;0;34;0;71;47;0;15;26;24;0;0;29;85;8;58;0;0;0;0;0;0;31;9;39;7;20;45;0;0;105;679;0;30;0;0;42;0;0;0;11;36;0;0;37;0;41;0;0;0;0;0;0;0;0;0;16;11;0;23;10;43;0;18;0;44;0;36;0;0;37;0;0;0;0;12;0;8;0;0;43;50;0;0;0;0;0;0;0;0;0;0;112;9;10;0;20;0;8;10;0;0;0;15;8;0;12;0;0;0;7;0;0;10;0;0;1;0;0;0;0;0;48;0;0;7;0;0;0;0;20;0;13;0;0;4;0;0;0;0;0;7;27;11;0;0;11;144;0;0;0;0;0;0;0;0;0;0;0;0;0;0;0;0;0;0;0;0;0;18;0;0;0;0;8;14;0;0;0;0;0;0;0;35;0;0;0;34;0;0;8;8;0;0;0;0;0;0;0;0;0;0;0;0;34;12;0;0;0;0;0;0;24;0;0;0;7;0;0;0;0;0;0;0;0;0;0;0;0;0;0;0;0;0;0;0;0;0;0;0;0;0;0;0;0;0;0;0;0;0;0;0;0;8;0;0;0;0;0;0;0;0;0;0;0;0;0;29;0;0;0;0;0;0;0;0;0;0;0;0;0;0;0;0;0;0;0;0;0;0;0;0;7;7;0;0;0;0;0;0;0;0;0;0;0;0;0;17;0;0;0;0;0;0;0;0;0;0;0;0;0;1;0;0;0;0;0;0;0;0;0;0;0;0;0;0;0;0;0;0;0;0;0;0;0;0;0;0;0;0;0;0;9;0;0;0;0;0;0;0;0;0;0;0;0;0;0;0;0;0;0;0;0;0;0;0;0;0;0;0;0;8;0;0;0;0;0;0;0;0;0;0;0;0;0;0;0;0;0;0;0;0;0;0;0;0;0;0;0;0;0;0;0;0;0;0;0;0;0;0;0;0
"H3_2018.04";15920;638;3205;1207;4;129;813;3477;16;542;89;629;94;17;121;0;414;274;77;0;50;372;488;0;419;21;83;14;1052;321;30;99;292;65;355;34;0;0;321;0;0;0;0;0;0;0;0;0;0;0;0;0;0;0;0;0;0;0;0;0;0;0;0;0;0;0;0;13;0;0;0;0;0;0;0;0;0;0;0;0;0;110;0;28;16;180;911;208;34;225;44;48;355;210;0;22;135;77;0;30;64;0;59;126;53;57;0;56;19;143;37;22;73;0;281;0;0;44;153;133;143;38;0;147;35;238;57;1;0;0;34;24;0;405;27;110;0;73;26;76;103;0;0;0;32;0;17;0;0;587;29;0;0;0;0;90;0;0;9;0;0;0;12;0;183;0;0;0;90;0;11;0;0;0;13;0;14;0;7;14;0;0;103;0;11;26;21;42;0;0;41;44;0;26;0;10;45;0;0;0;0;39;0;14;0;0;0;0;0;0;31;2;0;42;15;0;0;0;4;0;0;35;0;0;10;0;0;24;14;6;39;0;0;15;0;14;38;7;10;34;0;51;0;13;15;10;20;31;0;0;25;0;48;0;0;10;0;83;0;0;4;36;0;0;0;0;0;7;0;0;0;6;0;4;33;11;21;0;0;0;0;0;0;0;6;66;0;5;0;0;0;11;0;0;0;0;0;19;23;0;0;0;0;0;0;0;8;0;0;0;0;0;0;0;0;63;0;0;14;0;0;0;0;0;0;0;0;0;0;0;0;0;0;0;0;0;0;0;0;25;0;0;0;11;15;0;0;0;0;0;2;11;24;0;13;12;0;0;0;0;5;0;24;0;0;0;0;17;0;0;0;0;0;0;0;0;0;0;0;25;0;0;0;0;0;0;0;0;0;0;0;34;0;0;0;0;0;2;0;0;0;0;0;0;0;0;0;0;0;0;0;0;0;0;0;0;0;0;0;0;0;0;0;0;7;0;0;4;5;0;0;4;4;0;0;0;0;0;0;0;0;0;0;0;0;0;0;0;8;0;0;7;0;0;0;0;0;0;0;0;0;0;0;0;0;0;0;0;6;0;4;0;0;0;0;0;0;0;0;0;0;0;0;0;0;0;0;0;0;0;0;0;0;0;0;0;0;0;0;0;0;5;0;0;7;0;0;0;0;0;0;0;0;0;0;0;0;2;0;0;0;0;0;9;0;0;0;0;0;0;0;0;0;0;10;0;0;0;0;0;0;0;5;0;0;0;10;0;0;0;0;0
"H4_2017.04";15319;4550;1092;363;0;176;1520;7;0;61;104;554;0;110;518;0;538;0;0;0;159;721;0;0;371;0;121;0;435;76;21;363;879;0;169;0;0;18;120;0;1434;1162;1117;98;110;81;95;79;80;50;49;0;0;0;0;0;25;0;19;19;17;0;20;20;16;16;13;0;17;16;16;15;15;12;12;14;13;13;12;0;11;0;21;0;0;38;451;85;0;111;7;42;0;236;0;8;110;27;0;0;49;0;29;12;15;179;71;53;0;19;22;17;0;0;57;117;0;59;80;33;515;5;0;152;123;415;0;0;3;9;21;0;0;35;15;45;0;0;13;134;51;0;0;0;10;0;55;0;0;0;18;0;0;0;22;37;0;0;0;347;0;0;11;0;39;0;0;222;0;0;0;0;33;0;32;0;0;0;13;0;0;0;0;42;10;56;0;11;13;0;0;40;0;23;0;44;0;25;0;0;0;0;0;0;0;0;0;22;0;0;39;15;17;0;0;70;0;0;0;22;0;5;0;11;13;48;0;0;0;0;0;28;0;0;7;0;30;0;0;0;0;21;0;0;48;0;13;0;0;0;0;0;0;0;0;0;0;0;0;0;0;6;0;0;0;0;0;0;0;0;0;0;0;17;6;0;0;0;0;0;6;48;0;0;21;0;0;0;0;0;0;0;0;0;0;94;0;68;0;0;236;0;90;0;0;44;7;0;0;0;42;0;0;0;0;0;36;0;0;30;0;0;0;11;0;0;74;0;72;0;0;0;0;0;0;25;0;23;0;0;6;0;0;0;19;0;0;0;0;0;0;34;0;0;9;0;0;0;0;0;0;53;0;0;0;0;0;0;0;0;0;0;66;0;0;0;0;0;0;0;0;0;75;0;0;0;0;0;0;20;0;0;0;0;0;0;0;0;0;0;0;0;0;0;0;0;0;0;0;9;0;0;0;0;0;0;22;32;0;0;0;0;0;0;0;0;0;6;0;0;0;0;0;0;0;0;0;0;21;0;0;0;0;0;0;0;0;0;12;0;12;14;0;0;0;0;0;0;0;0;0;0;0;0;0;0;0;0;0;0;0;0;0;20;0;0;0;12;0;0;0;0;0;0;0;0;9;0;0;0;0;0;0;8;0;0;0;0;0;15;0;0;0;0;0;0;0;0;0;0;0;0;0;0;0;0;0;0;0;0;0;0;0;0;0;0;0;0;0;0;0;0;0;0;0;0;0;0;0;0;0;0;0;0;0;0;0;11;0;0;0;0
"H4_2018.02";21856;1163;739;1335;2;0;3829;15;0;180;157;333;1495;4;42;0;78;232;21;164;206;300;193;0;181;34;30;249;175;29;960;925;184;85;389;83;0;0;48;0;0;0;0;0;0;0;0;0;0;0;0;0;0;0;0;0;0;0;0;0;0;0;0;0;0;0;0;0;0;0;0;0;0;0;0;0;0;0;0;10;0;22;6;52;0;63;63;801;17;113;83;0;245;396;0;18;186;35;0;0;56;0;0;218;97;0;121;36;0;4;10;17;0;2;4;0;0;22;250;262;189;56;34;28;124;15;19;28;0;0;21;0;22;18;22;108;0;6;0;9;18;0;56;11;20;35;20;0;0;0;0;0;75;0;18;7;0;43;0;0;60;0;0;56;0;0;48;0;0;0;34;10;0;0;29;5;17;0;0;6;0;5;0;0;0;0;0;0;0;28;17;0;0;30;0;28;0;38;0;0;24;0;0;50;23;0;0;18;0;0;40;23;0;0;0;0;0;6;0;0;0;0;92;5;11;0;0;0;22;6;0;0;0;23;3;0;0;0;0;0;0;0;0;0;0;0;0;0;0;0;0;0;27;0;0;0;0;0;0;0;3;0;13;13;0;11;0;0;18;1;0;0;9;5;0;0;15;0;0;0;0;0;0;0;0;0;0;0;0;0;0;0;0;0;0;0;0;0;0;0;0;0;0;0;6;9;0;0;0;0;0;0;0;19;0;0;0;16;0;0;5;0;0;0;0;0;0;0;0;0;0;0;0;0;0;10;0;0;0;0;0;0;23;0;2;0;0;0;0;0;0;0;0;0;0;0;0;0;0;0;0;0;0;0;0;0;6;1;0;0;0;0;0;0;0;0;0;0;0;0;0;0;0;0;0;0;0;0;0;0;0;0;0;0;0;0;0;30;0;0;0;0;0;0;0;0;0;0;0;0;0;0;0;0;0;0;0;0;0;0;0;0;0;19;0;0;0;4;0;0;0;0;0;0;0;0;0;8;0;0;0;0;0;0;0;0;0;0;7;0;0;0;0;0;5;0;0;0;0;0;0;0;0;0;0;0;0;0;0;0;0;0;0;0;0;0;0;0;0;0;0;0;0;0;0;0;0;0;0;0;0;0;0;0;0;0;0;0;0;0;0;0;0;0;0;0;0;0;0;0;0;0;0;0;0;0;0;0;0;0;0;0;0;0;0;0;0;0;0;0;0;0;0;0;0;0;0;0;0;0;0;0;0;0;0;0;0;0;0;0;0;0
"H4_2018.04";14895;164;2599;2560;0;0;1357;275;13;2665;276;687;73;37;293;0;1047;140;16;0;46;725;43;0;613;5;21;0;1329;1065;186;187;207;895;205;97;0;0;410;0;0;0;0;0;0;0;0;0;0;0;0;0;0;0;0;0;0;0;0;0;0;0;0;0;0;0;0;0;0;0;0;0;0;0;0;0;0;0;0;0;0;34;0;73;9;730;599;229;198;360;8;67;196;216;0;37;155;66;0;0;84;0;69;204;67;15;36;87;0;38;59;13;0;0;156;0;0;39;111;204;261;28;7;49;130;117;0;0;0;0;19;0;0;169;75;18;0;12;28;93;45;0;0;0;9;0;35;0;0;326;19;0;0;19;0;35;0;0;7;0;0;0;19;0;29;0;0;0;23;0;16;0;0;0;20;0;34;0;11;2;0;0;16;0;34;0;14;14;19;0;10;31;23;35;0;15;0;0;0;0;5;35;0;22;0;0;0;0;0;0;27;5;13;0;0;0;0;0;0;0;0;6;45;22;8;9;0;33;0;5;28;0;0;17;13;14;26;6;0;5;0;25;0;0;0;0;37;0;0;0;33;11;13;0;0;0;0;45;0;0;0;8;0;10;0;0;0;0;0;0;0;7;0;4;0;18;88;0;0;0;0;47;0;0;14;0;0;6;0;0;0;5;0;0;0;0;0;0;40;13;0;0;0;0;0;14;13;14;0;0;0;0;0;0;0;0;0;0;22;0;21;15;0;0;0;16;0;0;0;0;0;13;0;0;0;0;0;0;0;11;0;0;9;28;13;7;0;0;0;0;5;18;0;0;0;0;0;0;0;0;4;0;68;0;0;0;0;0;9;0;0;0;0;0;0;0;0;0;0;0;23;0;0;0;0;0;0;0;0;0;0;0;0;0;0;0;0;0;9;0;0;0;0;0;0;0;0;0;0;0;0;0;0;0;0;0;0;0;0;0;0;0;0;0;13;0;0;2;10;0;0;0;14;0;0;0;0;0;0;0;0;0;0;0;0;0;0;0;0;0;0;0;31;0;0;0;0;0;0;0;0;0;0;0;0;0;0;0;0;0;2;0;0;14;0;0;0;0;0;0;0;0;0;0;0;0;0;0;0;0;0;0;0;0;0;0;0;5;0;0;0;0;0;0;0;0;0;0;0;0;0;0;0;0;0;0;0;5;0;0;0;0;0;0;0;0;0;0;0;0;0;0;0;0;0;0;0;0;0;0;0;0;0;0;0;0;0;0;0;0;0;0
"P1_2018.02";11080;4640;1774;2033;17;70;2614;10;6;1663;1639;376;102;0;57;0;717;1999;10;11;89;440;361;0;528;34;96;901;111;128;765;35;62;126;454;1279;0;0;76;0;0;0;0;0;0;0;0;0;0;0;0;0;0;0;0;0;0;0;0;0;0;0;0;0;0;0;0;0;0;0;0;0;0;0;0;0;0;0;0;0;0;19;21;276;0;122;179;187;0;40;220;9;36;193;0;10;0;62;0;55;32;0;0;64;76;0;15;245;4;0;38;14;0;0;18;0;0;50;209;73;44;175;53;17;44;66;0;0;0;0;17;0;54;7;0;49;0;0;16;11;682;0;36;41;0;0;0;0;0;0;0;0;16;0;0;17;0;57;0;0;55;0;0;0;0;0;0;0;0;160;0;0;0;389;9;0;18;0;27;24;0;54;0;0;0;0;0;0;0;42;0;0;0;12;0;0;0;17;0;0;50;0;0;25;17;0;0;0;0;0;34;0;0;0;0;0;0;0;0;0;0;0;36;0;33;0;0;13;0;0;0;0;36;11;0;0;18;0;0;0;0;0;0;0;0;0;0;0;0;0;17;0;47;0;0;22;0;0;0;10;0;0;16;9;0;0;0;0;12;0;13;0;0;0;0;10;11;0;0;0;0;0;0;0;0;0;0;0;0;0;17;0;0;0;8;0;0;0;0;0;0;0;0;0;0;0;0;0;0;0;0;0;0;0;15;0;0;0;0;0;0;30;0;0;0;0;0;0;0;0;0;0;0;0;4;0;0;0;0;0;0;9;0;0;0;0;0;0;0;0;0;0;0;0;0;0;0;0;0;0;0;0;0;0;0;0;4;0;0;0;0;0;0;0;0;0;0;0;0;0;0;0;0;0;0;0;0;0;0;0;0;0;0;0;0;0;0;0;0;0;0;0;0;0;0;0;0;0;0;0;0;18;0;0;0;0;0;0;0;0;0;0;0;0;0;0;0;0;0;0;0;0;0;0;0;0;0;18;0;0;0;0;0;0;0;0;0;0;0;0;0;0;0;0;0;0;0;0;0;0;0;0;0;0;0;0;0;0;0;0;0;0;0;0;0;0;0;0;0;0;0;0;0;0;0;0;0;0;0;0;0;0;0;0;0;0;0;0;0;0;0;0;0;0;0;0;0;0;0;0;0;0;0;0;0;0;0;0;0;0;0;0;0;0;0;0;0;0;0;0;0;0;0;0;0;9;0;0;0;0;0;0;0;0;0;0;0;0;0;0;0;0
"P1_2018.04";990;6497;710;85;685;202;112;849;98;274;978;135;1520;459;140;0;28;212;2921;0;332;139;13;0;192;188;834;36;260;44;66;325;308;43;61;30;0;4595;41;0;50;0;0;0;0;0;0;0;0;0;0;0;0;0;0;0;0;0;0;0;0;0;0;0;0;0;0;0;0;0;0;0;0;0;0;0;0;0;0;0;0;99;0;29;4;27;151;512;21;61;29;60;162;25;24;10;287;37;1848;24;268;0;36;20;10;103;0;25;148;11;126;9;5;0;32;54;0;0;211;485;108;24;0;86;77;196;22;23;147;0;41;82;0;24;45;166;0;0;89;6;145;119;0;0;7;0;32;0;17;0;10;30;0;26;121;51;34;0;0;39;0;0;125;0;0;48;0;0;68;0;6;0;414;39;4;7;68;0;0;0;0;0;84;0;0;0;190;5;0;0;7;16;16;11;0;6;50;41;8;0;0;0;25;43;0;0;0;0;0;0;6;0;73;16;22;26;0;0;0;0;0;144;5;16;0;146;5;423;9;0;0;0;0;0;0;0;0;54;138;0;0;0;0;0;0;79;0;0;0;0;189;0;15;0;283;23;0;0;62;87;9;0;0;24;0;0;13;0;0;61;0;8;0;0;0;0;20;0;0;66;0;0;0;0;0;0;0;0;0;0;0;0;60;61;64;0;0;31;41;0;14;0;13;180;0;0;0;220;0;0;0;124;41;29;180;0;31;0;0;0;0;0;0;102;0;0;0;0;0;0;104;0;77;0;97;0;14;35;0;0;0;16;0;0;6;0;0;50;0;0;0;106;30;0;17;0;0;0;0;83;79;0;0;47;0;10;0;0;0;27;46;0;0;0;21;0;0;0;81;0;0;33;0;16;70;0;0;0;37;33;0;12;34;33;35;26;0;2;0;14;0;35;35;0;0;5;44;20;45;30;0;19;46;0;21;0;69;0;26;0;0;0;0;0;0;25;26;27;16;0;0;0;11;26;0;0;20;15;24;0;0;23;25;21;0;0;23;0;0;0;35;0;0;0;0;20;48;0;0;0;0;20;19;0;11;11;20;0;0;0;0;0;0;0;0;0;0;25;30;19;11;0;0;0;0;0;21;0;0;13;0;0;0;0;0;13;0;0;0;0;13;0;0;0;0;0;0;0;0;0;0;0;12;12;13;13;0;0;0;0;0;0;0;0;12;9;13;0;0;0;0;0;0;0;0;0;9;12;0;0;0;0;0;0;0;0;0;0;11;9;10;0
"P2_2018.02";10336;2324;2012;2184;0;87;2753;103;0;1143;1550;750;487;0;67;0;668;231;0;590;232;760;380;0;565;49;0;782;441;127;1459;81;167;152;883;1399;0;0;78;0;0;0;0;0;0;0;0;0;0;0;0;0;0;0;0;0;0;0;0;0;0;0;0;0;0;0;0;0;0;0;0;0;0;0;0;0;0;0;0;0;0;31;0;300;0;176;123;660;0;64;325;8;284;364;0;10;0;156;0;0;44;44;0;204;236;0;20;46;0;0;50;62;0;0;11;0;0;42;354;111;156;258;102;45;130;57;0;0;0;0;0;0;52;51;26;145;34;10;42;16;128;0;50;166;15;27;0;0;0;0;0;0;82;0;0;19;0;69;0;0;52;0;0;14;0;0;22;0;0;36;45;0;0;0;14;0;58;0;0;0;0;16;0;0;0;0;0;14;0;123;0;28;0;21;0;0;0;50;0;0;64;12;0;42;23;0;0;25;0;0;32;0;0;0;0;0;0;0;0;0;0;0;38;13;41;0;0;0;11;0;0;0;11;11;6;0;9;0;0;0;0;0;0;0;0;0;3;0;0;72;28;0;12;0;0;9;0;0;11;0;1;0;11;16;0;0;0;0;0;0;101;17;0;0;0;0;18;0;0;14;0;0;9;0;0;0;0;5;0;0;57;0;0;0;0;0;0;0;8;0;0;0;0;0;0;0;0;0;0;0;0;0;0;6;0;0;0;0;0;0;0;65;0;0;32;0;0;0;0;0;0;0;0;0;0;0;0;0;0;0;0;4;9;11;0;0;0;0;0;0;0;0;0;0;0;0;0;0;0;0;0;0;0;0;0;0;0;0;0;0;0;0;0;0;0;0;0;0;0;0;0;0;0;9;0;0;0;0;0;0;35;0;0;0;0;0;0;0;0;0;0;0;0;0;0;0;0;0;0;0;0;0;0;0;0;0;0;0;0;26;0;0;0;0;0;0;0;6;0;0;0;0;0;0;0;0;0;32;0;0;0;0;0;0;0;0;0;0;0;0;0;3;0;0;0;0;0;0;0;0;0;0;0;0;0;0;0;0;0;0;0;0;0;0;6;0;0;0;0;0;0;0;0;0;0;0;0;0;0;0;0;0;0;0;0;0;0;0;0;0;0;0;0;0;0;0;0;0;0;0;0;0;0;0;0;0;0;0;0;0;0;0;0;0;0;0;0;0;0;0;0;0;0;0;0;0;0;0;0;0;0;0;0;0;0;0;0;0;0;0;0;0
"P3_2018.02";7683;1326;1906;1294;2;0;1994;15;0;466;501;853;686;0;31;0;468;769;0;8604;145;602;1077;0;458;34;0;1271;457;82;912;66;150;851;580;1331;0;0;64;0;0;0;0;0;0;0;0;0;0;0;0;0;0;0;0;0;0;0;0;0;0;0;0;0;0;0;0;0;0;0;0;0;0;0;0;0;0;0;0;0;0;68;0;159;0;104;55;312;0;34;128;0;566;198;0;0;0;128;0;0;44;18;0;183;188;0;17;74;5;0;26;98;0;2;0;0;0;20;291;61;136;146;86;24;119;108;0;0;0;0;8;0;33;0;0;82;0;0;0;11;51;4;55;37;10;20;0;0;0;0;0;0;54;5;0;13;0;74;0;0;34;0;0;0;0;0;0;0;0;123;51;66;0;38;15;0;26;0;0;0;0;138;0;0;0;0;9;5;0;39;0;0;0;22;0;0;0;30;0;0;79;0;0;19;0;0;0;126;319;0;24;0;0;0;0;0;0;0;0;0;0;0;12;9;34;0;8;0;7;0;0;0;90;12;2;0;7;0;0;0;3;0;0;11;0;0;0;0;0;0;23;0;11;0;0;33;0;0;0;13;3;0;57;36;0;5;0;0;23;0;0;0;7;0;0;10;8;0;0;0;0;0;11;0;0;0;0;6;0;0;45;0;0;0;0;0;0;0;0;0;0;0;0;0;11;0;0;0;0;0;0;0;0;0;0;0;0;0;0;0;13;30;0;0;0;0;0;0;0;0;0;0;0;0;0;0;0;0;0;0;0;3;13;4;0;0;0;0;0;0;0;0;0;0;0;0;0;0;0;0;0;0;0;0;0;0;0;0;0;0;0;0;0;0;41;0;0;0;0;1;0;0;0;0;0;0;0;0;0;0;0;0;0;0;0;0;0;0;0;0;0;0;0;0;0;0;0;0;0;0;0;0;0;0;0;0;0;0;0;1;0;0;0;0;0;0;0;0;0;0;0;0;0;0;0;0;0;0;0;0;0;0;0;0;0;0;0;0;0;0;0;0;0;0;0;0;0;0;0;0;0;0;0;0;0;0;0;0;0;0;0;0;0;0;0;0;0;0;0;0;0;0;0;0;0;0;0;0;0;0;0;0;0;0;0;0;0;0;0;0;0;8;0;0;0;0;0;0;0;0;0;0;0;0;0;0;0;0;0;0;0;0;0;0;0;0;0;0;0;0;0;0;0;0;0;0;0;0;0;0;0;0;0;0;0;0;0;0;0;0;0;0
"P4_2018.02";9837;2061;2785;1968;34;86;2804;13;6;991;820;329;525;0;38;0;509;2492;0;186;144;474;270;0;442;99;0;1068;476;93;350;92;149;875;883;2559;0;0;92;0;0;0;0;0;0;0;0;0;0;0;0;0;0;0;0;0;0;0;0;0;0;0;0;0;0;0;0;0;0;0;0;0;0;0;0;0;0;0;0;0;0;39;2;234;0;125;189;734;0;59;302;0;113;357;0;14;0;111;0;0;65;0;0;180;328;3;22;53;12;0;28;46;0;0;14;0;0;14;467;65;84;164;123;34;82;52;0;0;0;0;5;0;56;23;0;98;0;0;30;10;114;0;45;0;13;10;0;0;0;0;0;0;103;10;0;12;0;47;0;0;57;0;0;2;0;0;25;0;0;131;60;0;0;80;21;0;31;0;0;0;0;54;0;0;0;0;14;7;0;25;0;0;0;23;0;0;0;76;0;0;56;0;0;39;30;0;0;0;0;0;36;0;0;0;0;0;0;0;0;0;0;0;18;18;58;0;7;0;9;5;0;0;56;16;0;0;43;0;0;0;4;0;0;7;0;0;4;0;0;0;12;0;21;0;0;60;0;0;0;2;0;0;47;23;0;0;0;0;0;0;17;10;0;0;0;0;18;0;0;10;0;0;6;0;0;0;0;0;0;0;20;0;0;0;0;0;0;0;7;0;0;0;0;0;0;0;0;0;0;0;0;0;0;0;0;0;0;0;0;0;16;24;0;0;0;0;0;0;0;0;0;0;0;0;0;0;0;0;0;0;0;16;0;12;0;0;0;0;0;0;0;0;0;0;0;0;0;0;0;0;0;0;0;0;0;0;0;7;0;0;0;0;0;0;0;0;0;0;0;0;0;0;0;0;0;0;0;0;0;0;0;0;0;0;0;0;0;0;0;0;0;0;0;0;0;0;0;0;0;0;0;0;0;0;0;0;0;0;0;0;0;0;23;0;0;0;0;0;0;0;0;0;0;0;0;0;0;0;0;0;0;0;0;0;0;0;0;0;0;0;0;0;0;0;0;0;0;0;0;0;0;0;0;0;0;0;0;0;0;0;0;0;0;0;10;0;0;0;0;0;0;0;0;0;0;0;0;0;0;0;0;0;0;0;0;0;0;0;0;0;0;2;0;0;0;0;0;0;0;0;0;0;0;0;0;0;0;0;0;0;0;0;0;0;0;0;0;0;0;0;0;0;0;0;0;0;0;0;0;0;0;0;0;0;0;0;0;0;0;0;0;9
