"";"Ostreococcus_lucimarinus";"Sporisorium_reilianum";"Dino-Group-I-Clade-1_X_sp.";"Bathycoccus_prasinos";"Guinardia_striata";"Meira_sp.";"Micromonas_bravo_B1";"Paracalanus_parvus";"Rhizosolenia_delicatula";"Micromonas_commoda_A2";"Chloroparvula_pacifica";"Picochlorum_sp.";"Plagioselmis_prolonga";"Gyrodinium_fusiforme";"Dino-Group-II-Clade-4_X_sp.";"Phaeocystis_globosa";"Verticillium_leptobactrum";"Pelagomonas_calceolata";"Strombidiidae_M_X_sp.";"Thalassiosira_sp.";"Tetraselmis_striata";"Pycnococcaceae_X_sp.";"Teleaulax_gracilis";"Pelagostrobilidium_neptuni";"NA";"Dino-Group-III_XX_sp.";"Chaetoceros_debilis";"Chaetoceros_tenuissimus";"Phragmatopoma_sp.";"Minutocellus_polymorphus";"Dino-Group-II-Clade-10-and-11_X_sp.";"Gyrodinium_helveticum";"Pelagomonadales_clade_B1_sp.";"Teleaulax_sp.";"Strombidiidae_L_X_sp.";"MAST-7B_XX_sp.";"Picozoa_XXXX_sp.";"Strombidiida_F_XX_sp.";"Dino-Group-II-Clade-6_X_sp.";"Askenasia_sp.";"Strombidiidae_X_sp.";"Detonula_pumila";"MAST-4A_XX_sp.";"Thalassiosira_tenera";"Leucosporidium_scottii";"Acrochaete_leptochaete";"Strombidiidae_B_X_sp.";"Rhodotorula_mucilaginosa";"Dino-Group-II-Clade-44_X_sp.";"Minidiscus_sp.";"Aureococcus_anophagefferens";"Dino-Group-I-Clade-5_X_sp.";"Dinophyceae_XXX_sp.";"Laboea_strobila";"MAST-4E_XX_sp.";"Katablepharidales_XX_sp.";"Teleaulax_acuta";"Chloropicon_laureae";"Gymnodinium_sp.";"Dino-Group-II-Clade-7_X_sp.";"Cerataulina_pelagica";"MAST-4B_XX_sp.";"MAST-7A_XX_sp.";"Dino-Group-II-Clade-8_X_sp.";"Guinardia_delicatula";"Eucampia_sp.";"Thalassiosira_minuscula";"Strombidiidae_H_X_sp.";"Prasinoderma_singularis";"Tintinnopsis_tubulosoides";"MAST-3F_XX_sp.";"Crustomastigaceae_X_sp.";"Dino-Group-II-Clade-13_X_sp.";"Dino-Group-II-Clade-22_X_sp.";"MAST-7C_XX_sp.";"Strombidium_K_sp.";"Aplanochytrium_sp.";"Oithona_similis";"Thraustochytriaceae_LAB17_sp.";"MAST-2B_XX_sp.";"Hormiphora_sp.";"Katablepharis_japonica";"Strombidiida_G_XX_sp.";"MAST-3E_XX_sp.";"Geminigera_cryophila";"Dino-Group-II-Clade-1_X_sp.";"Chrysophyceae_Clade-H_X_sp.";"Chrysochromulina_sp.";"Candida_atlantica";"Dino-Group-II-Clade-23_X_sp.";"MAST-4C_XX_sp.";"Dino-Group-II-Clade-3_X_sp.";"Telonemia-Group-2_X_sp.";"Heterocapsa_pygmaea";"Calanus_helgolandicus";"Chrysophyceae_Clade-F_X_sp.";"Cryptomycotina_XX_sp.";"Yarrowia_lipolytica";"Amphimedon_compressa";"Thalassiosira_eccentrica";"Paraphysomonas_imperforata";"Leucocryptos_marina";"Micromonas_pusilla";"Dino-Group-II-Clade-16_X_sp.";"Pyramimonas_sp.";"Prorocentrum_sp.";"Luciella_sp.";"Varistrombidium_kielum";"Dino-Group-II-Clade-52_X_sp.";"MAST-1B_XX_sp.";"Leegaardiella_sp.";"Chlorodendrales_XX_sp.";"Cylindrotheca_closterium";"Pseudocohnilembus_persalinus";"Karlodinium_veneficum";"Haptolina_sp.";"Gyrodinium_spirale";"Parmales_env_3B_sp.";"Exophiala_xenobiotica";"Ebria_tripartita";"Rimostrombidium_A_sp.";"Pelagomonadaceae_clade_D1_sp.";"Pirsonia_Clade__XXX_sp.";"Dino-Group-II-Clade-17_X_sp.";"Labyrinthulomycetes_X_LAB14_X_sp.";"Dino-Group-II-Clade-12_X_sp.";"Filosa-Thecofilosea_XXX_sp.";"Hemiselmis_sp.:nucl";"Pterocystida_XX_sp.";"Heterocapsa_nei/rotundata";"Zygonemertes_virescens";"Prorocentrum_cordatum";"Strombidium_R_sp.";"Artemisia_annua";"Parmales_env_3A_sp.";"Dino-Group-II-Clade-32_X_sp.";"Sulculeolaria_quadrivalvis";"Thraustochytriaceae_LAB19_sp.";"Chloropicon_sieburthii";"Prasinoderma_coloniale";"MAST-7D_XX_sp.";"Ulva_sp.";"Obelia_geniculata";"Warnowia_sp.";"Dino-Group-II-Clade-46_X_sp.";"Helicostomella_subulata";"Leptochiton_asellus";"Strombidiidae_R_X_sp.";"Florenciella_parvula";"Bicosoeca_vacillans";"MAST-1C_XX_sp.";"Dino-Group-II-Clade-18_X_sp.";"Pelagomonadaceae_clade_C_sp.";"Cardioecia_watersi";"MAST-3D_XX_sp.";"Didiniidae_X_sp.";"Pyramimonas_australis";"Yarrowia_sp.";"Chytriodinium_affine";"Protostelium_mycophagum";"Dictyocha_speculum";"Gymnodinium_dorsalisulcum";"Spumella_sp.";"Cryothecomonas_sp.";"Torodinium_robustum";"MAST-9C_XX_sp.";"Eutintinnidae_X_sp.";"Oikopleura_dioica";"MOCH-3_XXX_sp.";"Parmales_env_3_X_sp.";"MAST-8A_XX_sp.";"Capronia_sp.";"MAST-9D_XX_sp.";"Oikopleura_sp.";"Halecium_mediterraneum";"MAST-12A_XX_sp.";"Rhizosolenia_imbricata";"Eurotiomycetes_X_sp.";"Brachionus_plicatilis";"MAST-11_XXX_sp.";"Dino-Group-II-Clade-50_X_sp.";"Caecitellus_parvulus";"Pyramimonas_gelidicola";"MAST-12E_XX_sp.";"Chrysophyceae_Clade-I_X_sp.";"Dino-Group-II_XX_sp.";"Spirostrombidium_agathae";"Strombidiidae_J_X_sp.";"Caecitellaceae_X_sp.";"Apocalathium_aciculiferum";"Florenciellales_X_sp.";"Minorisa-lineage_X_sp.";"Paraphysomonas_foraminifera";"Phialella_quadrata";"Litostomatea_XXX_sp.";"Metridium_senile";"Stichodactyla_haddoni";"Cryothecomonas_aestivalis";"Biecheleria_sp.";"Flamella_arnhemensis";"Meyerozyma_guilliermondii";"Bilabrum_latius";"Dino-Group-I-Clade-4_X_sp.";"Chytriodinium_roseum";"Triparma_pacifica";"Phaeocystis_cordata";"Stephanoecidae_Group_H_X_sp.";"Gyrodinium_dominans";"Minidiscus_variabilis";"MAST-4D_XX_sp.";"Spongites_yendoi";"Dino-Group-II-Clade-15_X_sp.";"Ephelota_mammillata";"Thalassiosira_rotula";"Pelagodinium_beii";"Dino-Group-II-Clade-14_X_sp.";"Strombidium_capitatum";"Chytridiomycetes_X_sp.";"Grantessa_sp.";"CONTH_8_XXX_sp.";"MAST-10_XXX_sp.";"MAST-12B_XX_sp.";"Acanthostrongylophora_ingens";"Strombidiida_B_XX_sp.";"Tintinnidae_X_sp.";"Dino-Group-II-Clade-30_X_sp.";"Heterocapsa_triquetra";"Stramenopiles_XXXXX_sp.";"Dino-Group-II-Clade-20_X_sp.";"Yamadazyma_triangularis";"Novel-clade-2_X_sp.";"Dino-Group-II-Clade-40_X_sp.";"Gelidium_pusillum";"Dino-Group-II-Clade-26_X_sp.";"RAD-B_X_Group-IVe_X_sp.";"Strongylocentrotus_purpuratus";"Cafeteria_burkhardae";"Stephanoecidae_Group_D_X_sp.";"Syracosphaerales_XX_sp.";"Dino-Group-II-Clade-5_X_sp.";"LKM11-Rozella_sp.";"Chondrus_nipponicus";"Urotricha_sp.";"Paracineta_limbata";"Spirotontonia_sp.";"MAST-3J_XX_sp.";"Stoeckeria_algicida";"Islandinium_tricingulatum";"Micromonas_bravo_B2";"Thalassomyces_sp.";"Rhodomonas_sp.";"MAST-2D_XX_sp.";"Microstomum_papillosum";"MAST-6_XXX_sp.";"Dino-Group-II-Clade-42_X_sp.";"Labyrinthuloides_haliotidis";"Acrochaete_endozoica";"Dino-Group-II-Clade-39_X_sp.";"Colaconema_sp.";"Parastrombidinopsis_shimi";"Chrysophyceae_Clade-G_X_sp.";"Paraphysomonas_sp.";"Halecium_pusillum";"Strombidium_F_sp.";"Chloroparvula_B3_sp.";"Mamiella_gilva";"Ellobiopsis_chattonii";"Prymnesiophyceae_Clade_D_XX_sp.";"Brockmanniella brockmannii";"Cystobasidiomycetes_X_sp.";"Pyramimonas_aurea";"Bicoecaceae_X_sp.";"Eutintinnus_pectinis";"NPK2-lineage_X_sp.";"MOCH-2_XXX_sp.";"Monosigidae_Group_A_X_sp.";"MAST-1A_XX_sp.";"Caecitellus_sp.";"Clausocalanus_furcatus";"CCW10-lineage_X_sp.";"Raphid-pennate_X_sp.";"Mastocarpus_stellatus";"Dino-Group-II-Clade-25_X_sp.";"MAST-3I_XX_sp.";"Nematalosa_erebi";"Sypharochiton_pelliserpentis";"Hymeniacidon_sinapium";"Triparma_laevis_clade";"Centroceras_rodmanii";"Chloropicon_roscoffensis";"Asterias_forbesi";"Iophon_nigricans";"Chaetoceros_contortus";"Chrysophyceae_XXX_sp.";"Diplastrella_megastellata";"Blidingia_dawsonii";"Corycaeus_speciosus";"Hartmannula_sinica";"Prymnesiaceae_X_sp.";"MOCH-1_XXX_sp.";"Haptophyta_Clade_HAP3_XXX_sp.";"Asparagopsis_armata";"Heteromastus_filiformis";"Neocalanus_cristatus";"Protodinium_simplex";"Chaetoceros_lorenzianus_2";"Clytia_sp.";"Orthopyxis_integra";"Crustomastigaceae-AB_sp.";"Chrysochromulina_rotalis";"Polycirrus_sp.";"Carinoma_tremaphoros";"Gyrodinium_heterogrammum";"Protaspa-lineage_X_sp.";"Peyssonnelia_armorica";"Abeoformidae_Group_MAIP_2_X_sp.";"Pelagococcus_subviridis";"Prymnesiophyceae_Clade_B4_X_sp.";"MAST-8B_XX_sp.";"Chlorarachnida_XX_sp.";"Novel-Clade-4_X_sp.";"Titanoderma_pustulatum";"Chrysophyceae_Clade-C_X_sp.";"Centropages_typicus";"Ulvophyceae_XXX_sp.";"Strombidiida_XX_sp.";"Dangemannia_microcystis";"Gephyrocapsa_oceanica";"Thoracosphaeraceae_X_sp.";"RAD-A_Xb_X_sp.";"Protoperidinium_punctulatum";"Tripos_furca";"Amphicorina_ascidicola";"RCC391_sp.";"Pleurostomatida_X_sp.";"Leucosolenia_sp.";"Prymnesium_sp.";"Dino-Group-V_XX_sp.";"Sertularella_mediterranea";"Suctoria_XX_sp.";"Cryptomonadales_XX_sp.";"Monosigidae_Group_B_X_sp.";"Pseudo-nitzschia_multiseries";"Pseudotontonia_simplicidens";"Prymnesiophyceae_Clade_E_XX_sp.";"Labyrinthulomycetes_X_LAB13_X_sp.";"Lomentaria_rawitsheri";"Pterosperma_cristatum";"Pseudopedinella_elastica";"Spumella_elongata";"Apicomplexa_XXXX_sp.";"MAST-8E_XX_sp.";"NASSO_1_sp.";"Telonema_subtile";"Dissodinium_pseudolunula";"Prasino-Clade-9_XXX_sp.";"Bicosoeca_sp.";"Labyrinthulomycetes_X_LAB8_sp.";"Pterocladiella_capillacea";"Amphitrite_ornata";"Telonemia-Group-1_X_sp.";"Lauderia_annulata";"Carditamera_floridana";"Phaeocystis_antarctica";"Dysteriidae_X_sp.";"Filicrisia_geniculata";"Heterocapsa_sp.";"Labyrinthulomycetes_X_LAB7_X_sp.";"Semimytilus_algosus";"Abarenicola_affinis";"Melinna_sp.";"Achnanthes_bongranii";"Clathromonas_butcheri";"Navicula_cryptocephala_var._veneta";"Metschnikowia_australis";"Candida_sake";"Karlodinium_sp.";"Parmales_XX_sp.";"Abra_alba";"Panax_ginseng";"Lithophyllum_sp.";"Pseudo-nitzschia_galaxiae";"Syndinium_sp.";"MAST-3K_XX_sp.";"Bougainvillia_sp.";"Pseudotontonia_sp.";"Chlorothrix_sp.";"Mataza-lineage_X_sp.";"Prasinoderma_sp.";"Oomycota_XXX_sp.";"Thaumatomonadida_XX_sp.";"Mesophyllum_sp.";"Stramenopiles_X-Group-2_XXX_sp.";"Apedinella_radians";"Norisiella_sphaerica";"Chaetoceros_dichatoensis";"Strombidinopsis_acuminata";"Eurythoe_complanata";"Myrica_esculenta";"Dodecaceria_sp.";"Licmophora_communis";"Dino-Group-II-Clade-47_X_sp.";"Pirsonia_formosa";"Parmales_env_2_X_sp.";"Barantolla_lepte";"MAST-3L_XX_sp.";"Fragilariopsis_sublineata";"Prasinodermaceae_X_sp.";"Prymnesiophyceae_Clade_F_XX_sp.";"Loxophyllum_rostratum";"Marimonadida_XX_sp.";"Debaryomyces_hansenii";"Chaetoceros_sporotruncatus";"Thraustochytriaceae_X_sp.";"Mycale_sp.";"Pelagomonadales_clade_A_X_sp.";"Labyrinthula_sp.";"Dino-Group-II-Clade-28_X_sp.";"Tedania_ignis";"Champia_harveyana";"Blastodinium_crassum";"Chaetoceros_didymus_1";"Lissodendoryx_isodictyalis";"Minorisa_minuta";"Dictyocha_sp.";"Lepidodinium_chlorophorum";"Oblongichytrium_sp.";"Chromera_sp.";"Phycodrys_rubens";"Calcarea_X_sp.";"Asterionellopsis_glacialis";"Mesophyllum_erubescens";"Planomonas_sp.";"MAST-8C_XX_sp.";"Pseudovorticella_sinensis";"Neosiphonia_harveyi";"Dolichomastigaceae-B_sp.";"Acanthoecida_XX_sp.";"Phyllochaetopterus_sp.";"Pseudo-nitzschia_sp.";"TAGIRI1-lineage_X_sp.";"Chaetoceros_peruvianus";"PHYLL_4_X_sp.";"Polysiphonia_scopulorum";"Protoperidinium_denticulatum";"Voromonas_pontica";"Ostreococcus_clade_B";"Phaeocystis_sp.";"Micromonas_clade_B4";"Prionitis_lyallii";"Apusomonadidae_Group-2B_XX_sp.";"Dasybranchus_caducus";"Malassezia_globosa";"Thalassiosira_concaviuscula";"MOCH-5_XXX_sp.";"Cocconeis_sp.";"Protoperidinium_conicum";"Kirchenpaueria_similis";"Amphitetras_antediluviana";"Chrysocampanula_spinifera";"Leptocylindrus_sp.";"Zoothamnium_grossi";"Scopalina_hispida";"Navicula_sp.";"Acanthoecidae_Group_G_X_sp.";"Strombidiidae_O_X_sp.";"Haptophyta_Clade_HAP5_XXX_sp.";"Clathrina_sp.";"Dicrateria_rotunda";"Stephanoecidae_Group_E_X_sp.";"Edwardsiella_lineata";"Thalassiosira_delicatula";"Mytiloida_X_sp.";"Thraustochytrium_kinnei";"Labyrinthulaceae_ANT10_3_sp.";"Chaetoceros_brevis_3";"RAD-A_Xf_c_sp.";"Prymnesiophyceae_XXX_sp.";"MAST-25_XXX_sp.";"Tabularia_tabulata";"Pterosiphonia_pennata";"Chloropicon_mariensis";"MAST-12_XXX_sp.";"Corethron_hystrix";"Heterohartmannula_fangi";"Trichopodiella_faurei";"Platanus_occidentalis";"Protoperidinium_pellucidum";"Protoperidinium_sp.";"OLIGO5_XX_sp.";"Caecitellus_paraparvulus";"Dunaliella_tertiolecta";"Pentapharsodinium_sp.";"Prymnesiophyceae_Clade_B3_X_sp.";"Amphicorina_mobilis";"Strobilidiidae_A_X_sp.";"Aplanochytrium_minutum";"Theristus_sp.";"Dino-Group-II-Clade-36_X_sp.";"Trochilia_sp.";"Ophidocladus_simpliciusculus";"Myxophyllum_sp.";"Cannobotryidae_X_sp.";"Salvatoria_koorineclavata";"Chaetoceros_diadema_1";"Botuliformidae_X_sp.";"MAST-9A_XX_sp.";"Capitella_teleta";"Abeoformidae_Group_MAIP_1_X_sp.";"Cryptococcus_carnescens";"Ephelota_truncata";"Triparma_sp.";"Chloroparvula_B2_sp.";"Candida_zeylanoides";"Amphisoleniaceae_X_sp.";"Pseudo-nitzschia_seriata";"Prorocentrum_triestinum";"Clytia_gracilis";"Amphifila_marina";"Calocalanus_sp.";"Ancyromonas_micra";"Sticholonche_sp.";"Strombidiida_D_XX_sp.";"Hematodinium_sp.";"Halisarca_restingaensis";"Guinardia_solstherfothii";"Asteromphalus_sp.";"MAST-3C_XX_sp.";"Dino-Group-II-Clade-29_X_sp.";"Biecheleriopsis_adriatica";"Harpacticus_sp.";"Strombidiidae_Q_X_sp.";"Nolandella_sp.";"MOCH-4_XXX_sp.";"Chaetoceros_lauderi";"Reckertia_filosa";"Actinocyclus_curvatulus";"Stephanoeca_paucicostata";"RAD-A_Xf_b_sp.";"Barentsia_gracilis";"Dolichomastix_tenuilepis";"Aegyriana_oliva";"Endogenida_2_X_sp.";"Prasino-Clade-VIII_XXX_sp.";"Biemna_fistulosa";"Amastigomonas_sp.";"Candida_wounanorum";"Hydractinia_sp.";"Trochilia_petrani";"Rhodotorula_glutinis";"Pelagomonadales_clade_A1_sp.";"Coscinodiscus_radiatus";"Alcyonidioides_mytili";"Centroceras_clavulatum";"MAST-1D_XX_sp.";"Strobilidiidae_I_X_sp.";"Uronema_marinum";"Colaconema_asparagopsis";"Aphroceras_sp.";"Corallina_elongata";"Microxysma_acutum";"Protodrilus_ciliatus";"Hartmannella_abertawensis";"Navicula_lanceolata";"Protostelium_mycophagum_var._crassipes";"Solanum_tuberosum";"Polysiphonia_fucoides";"Brachypodium_distachyon";"Aglaura_hemistoma";"Halecium_labrosum";"Hormomya_mutabilis";"Thalassiosira_minima";"Dino-Group-I-Clade-2_X_sp.";"Hypotrichia_XX_sp.";"Sparlingia_pertusa";"MAST-8D_XX_sp.";"Cymbella_capitata";"Nanofila_sp.";"Dictyochophyceae_XXX_sp.";"Stephanoecidae_New_Choanos_8_X_sp.";"Dino-Group-II-Clade-33_X_sp.";"Glauconema_sp.";"Haptophyta_Clade_HAP4_XXX_sp.";"Chlamydonellopsis_calkinsi";"Pithites_vorax";"Labyrinthulomycetes_X_LAB11_X_sp.";"Shinkaiya_lindsayi"
"C1_2017.04";0;11730;1442;0;0;6597;603;9;169;0;0;20;0;0;0;4735;0;0;0;1711;0;20;0;1;0;0;0;308;0;0;153;0;0;0;0;0;4;0;0;8;1885;0;0;0;16;0;0;136;0;19;0;0;0;0;0;0;0;0;0;0;0;0;0;0;15;0;335;0;0;433;0;0;0;0;0;149;53;0;130;496;0;0;0;0;0;0;18;166;33;0;0;0;88;0;0;19;0;0;0;515;11;0;0;0;45;0;0;356;0;0;0;0;0;0;0;38;0;0;174;38;0;0;446;0;0;4;37;0;0;0;0;0;48;0;0;0;0;8;0;0;0;0;0;0;0;0;0;0;30;0;0;0;0;0;0;0;0;7;0;338;0;0;437;0;0;0;0;0;0;0;6;0;0;0;0;164;0;1;74;0;0;0;11;8;0;0;0;0;0;91;0;0;0;0;0;0;0;0;27;205;25;0;0;0;0;36;0;0;0;0;0;0;0;53;0;0;0;0;0;0;0;26;0;0;0;0;0;77;0;121;93;0;0;0;0;0;0;0;0;0;0;0;0;6;0;0;0;0;0;0;0;0;10;0;0;0;0;0;0;0;0;0;0;0;0;0;0;0;0;0;0;0;0;0;0;0;0;0;0;0;0;0;0;0;0;0;0;0;0;0;0;0;0;63;0;0;0;0;0;0;0;0;0;0;0;0;0;0;0;0;0;0;0;0;0;0;0;0;0;0;0;0;41;0;0;0;0;0;0;0;0;0;0;0;0;0;0;0;0;0;0;12;0;0;0;0;0;0;0;0;0;0;0;0;0;0;0;0;0;0;0;36;0;0;46;0;0;0;4;0;0;0;44;0;0;72;0;0;0;0;0;0;0;0;0;0;0;0;0;0;0;0;0;17;0;0;0;0;0;0;0;0;0;0;0;0;0;0;0;0;0;0;0;0;0;0;0;0;0;0;0;0;0;0;0;0;0;0;0;0;0;0;0;0;0;0;0;0;0;0;0;0;0;0;0;22;0;0;0;0;0;0;4;0;0;0;0;0;0;0;0;0;0;0;0;0;0;0;0;0;0;0;0;0;0;0;0;0;0;0;0;0;0;0;0;0;0;0;0;0;0;0;0;0;0;0;0;0;0;0;0;0;0;0;0;6;0;0;0;0;0;0;0;0;0;0;0;0;0;0;0;0;0;0;0;0;0;0;0;0;0;0;0;0;0;0;0;0;0;0;0;0;0;0;0;12;0;0;0;4;0;0;0;0;0;0;0;0;0;0;0;0;0;0;0;0;0;0;0;0;0;0;0;0;0;0;0;0;0;0;0;0;0;0;0;0;0
"C1_2018.02";5994;3239;7633;399;479;91;795;210;388;121;747;0;85;180;46;236;0;74;471;167;51;1920;152;161;0;222;232;195;0;109;435;64;16;147;64;243;134;0;784;48;10;0;37;0;0;0;0;0;129;49;15;808;452;3;21;394;15;42;39;282;60;189;110;129;39;0;5;204;47;33;398;28;144;131;121;13;251;25;960;20;50;64;0;39;27;284;511;148;0;268;351;231;110;25;65;110;0;0;4;0;46;59;15;43;12;102;0;13;371;54;0;0;44;15;238;13;0;23;0;0;0;0;0;19;78;125;408;67;62;27;0;0;0;0;45;65;0;15;0;24;17;0;0;0;0;0;0;0;0;45;106;52;70;0;187;0;0;0;84;0;0;69;0;72;14;0;0;9;0;23;14;0;8;0;0;11;12;0;3;14;0;0;0;111;90;40;0;0;0;17;0;0;0;0;6;0;0;76;0;0;0;0;0;0;9;0;48;47;0;13;0;103;0;0;8;20;0;79;0;0;6;62;0;13;9;0;0;39;0;0;46;0;0;0;0;0;0;0;0;96;0;0;16;0;0;74;0;0;0;0;18;0;10;0;12;0;0;17;0;0;7;0;0;0;0;0;0;0;10;0;0;0;0;23;0;0;0;0;0;88;7;0;0;37;0;0;0;2;0;0;0;0;0;0;0;0;0;0;5;0;0;0;0;0;0;0;0;0;0;0;0;0;0;86;0;12;0;0;0;8;56;0;34;0;0;17;0;19;0;0;9;0;0;3;6;0;0;0;0;0;0;29;0;0;0;5;0;0;0;0;0;0;14;0;27;0;0;0;0;0;21;0;0;14;0;0;0;0;0;0;0;0;0;0;0;0;0;0;0;0;0;5;6;0;0;0;0;6;0;0;0;0;0;0;0;0;0;0;0;0;0;8;0;0;0;0;0;0;0;0;33;0;0;0;0;0;0;0;0;0;0;0;0;11;0;0;0;0;0;0;0;0;8;0;0;0;0;0;0;0;0;0;0;0;0;0;19;0;0;0;0;0;0;0;0;0;0;0;0;6;0;0;0;0;0;0;0;0;0;0;16;0;0;0;0;2;0;0;0;0;0;0;0;0;0;0;0;0;0;7;0;0;0;0;0;0;0;0;0;0;0;0;0;0;0;0;0;0;0;0;0;0;4;0;0;0;0;0;0;0;0;0;0;0;0;1;0;0;0;0;0;0;0;0;0;10;0;0;0;0;0;0;0;0;0;0;0;0;0;0;0;0;0;0;0;0;0;0;0;0;0;0;0;0;0;0;0;0;0;0;0;0;0;0;0;0;0;0;0;0;0;0;0;0;0;0;0
"C1_2018.04";9645;2820;5828;1510;0;0;105;534;0;257;2894;88;597;113;0;182;0;2010;1105;15;0;33;315;125;0;369;0;14;7;0;2177;16;1153;283;216;40;126;147;278;146;175;0;182;27;0;0;24;0;18;0;467;331;289;99;51;69;79;54;259;129;0;23;0;64;0;0;0;377;100;82;76;28;60;0;0;43;0;9;0;0;0;500;57;62;32;129;140;153;0;34;7;36;726;52;0;0;0;0;0;0;0;22;6;64;205;47;130;6;32;0;30;0;0;0;7;68;8;0;0;0;0;64;18;0;0;14;0;0;27;45;0;0;24;0;9;0;7;0;96;0;0;0;0;0;8;0;0;0;40;0;76;0;13;0;0;0;0;0;3;0;34;44;0;0;116;18;0;11;0;18;16;0;0;0;0;64;0;0;0;0;0;0;54;0;27;2;0;25;0;10;32;0;0;0;0;0;0;14;0;0;0;0;0;26;11;56;0;0;0;0;0;0;0;0;0;9;0;0;0;0;0;29;0;0;0;0;0;0;0;0;0;0;0;75;0;0;0;0;13;33;0;0;0;0;0;0;3;0;0;0;0;21;0;0;6;0;0;0;0;0;9;0;0;0;2;18;3;25;0;0;0;0;0;0;74;0;0;0;0;0;0;0;10;0;0;0;0;10;0;0;0;0;0;7;0;0;0;0;0;0;27;0;0;69;30;0;0;0;0;0;0;0;0;5;0;0;34;0;32;0;14;0;0;0;0;0;0;8;0;0;0;0;0;0;7;0;0;0;0;6;0;0;0;20;23;0;0;0;0;0;0;0;0;0;0;28;0;0;0;0;0;0;0;0;0;0;0;30;0;0;0;0;0;0;0;0;0;0;0;0;0;0;0;0;0;0;0;0;2;0;0;0;0;10;0;0;0;0;0;0;0;0;0;0;0;0;0;0;0;0;0;0;0;0;0;0;0;0;0;0;0;0;0;0;0;0;0;0;0;0;0;0;0;10;0;0;0;0;0;15;0;0;0;0;0;0;9;0;0;0;0;0;0;0;0;0;0;0;0;0;0;0;0;0;0;0;0;0;0;0;0;0;0;0;0;0;0;0;0;0;0;10;0;0;0;0;0;0;0;0;0;0;0;0;0;0;0;0;0;0;0;0;0;0;0;0;19;0;0;0;0;0;0;0;0;0;0;0;0;0;0;0;0;0;0;0;0;0;0;0;0;3;0;0;0;0;0;6;0;0;0;0;0;0;0;0;0;0;0;0;0;0;0;0;0;0;0;0;0;0;0;0;0;0;0;0;0;0;0;0;0;0;0;0;0;0;0;0;0;0;0;0;0;0;0;0;0
"C2_2017.04";0;33322;1154;0;0;333;23;7;26;0;19;28;0;0;0;81;0;0;0;187;0;25;8;0;0;0;0;45;0;0;9;14;0;0;0;0;0;0;0;6;113;0;0;0;4453;0;0;68;0;0;0;0;0;0;0;0;0;0;0;0;0;0;0;0;6;0;26;0;0;28;0;0;0;0;0;7;22;0;13;25;0;5;0;0;0;0;0;0;54;16;0;0;32;0;0;0;0;9;0;39;0;0;0;0;0;0;0;55;0;0;0;0;0;17;0;0;0;0;0;13;0;0;29;0;0;0;0;0;0;0;0;0;0;0;0;0;0;0;0;0;0;0;0;0;0;0;0;0;0;0;0;0;0;0;0;0;0;10;0;0;0;0;17;0;0;0;0;0;0;0;0;0;0;0;0;6;0;38;0;0;0;0;0;0;0;0;0;0;0;0;0;0;0;0;0;0;0;0;0;0;182;11;0;0;0;0;0;0;0;0;0;0;0;6;0;0;0;0;0;0;0;0;0;0;0;0;0;0;0;8;0;0;0;0;0;0;0;0;0;0;0;0;0;0;0;0;0;0;0;0;0;0;0;0;0;0;0;0;0;0;0;0;0;0;0;0;0;0;0;0;0;0;0;0;0;0;0;0;0;0;0;0;0;0;0;0;0;0;0;0;0;0;0;0;0;0;0;0;0;0;0;0;0;0;5;0;0;0;0;0;0;0;0;0;0;0;0;0;0;0;0;0;0;0;0;0;0;0;0;0;0;0;0;0;0;0;0;0;0;0;0;0;0;0;0;0;0;0;0;0;0;0;0;0;0;0;0;0;0;0;0;0;0;0;0;0;0;0;0;0;0;0;0;0;0;27;0;0;0;0;0;0;0;0;0;0;0;0;0;0;0;0;0;3;0;0;0;0;0;0;0;0;0;0;0;0;0;0;0;0;0;28;0;0;0;0;0;0;0;0;0;0;0;0;0;0;0;0;0;0;0;0;0;0;0;0;0;0;0;0;0;0;0;0;0;0;0;0;0;0;0;0;0;0;0;0;0;0;0;0;0;0;0;0;0;0;0;0;0;0;0;0;0;0;0;0;0;0;0;0;0;0;0;0;0;0;20;0;0;0;0;0;0;0;0;0;0;0;0;0;0;0;0;0;0;0;0;0;0;0;0;0;0;0;0;0;0;0;0;0;0;0;0;0;0;0;0;0;0;0;0;0;0;0;0;0;0;0;0;0;0;0;0;0;0;0;16;0;0;0;0;0;0;0;0;0;0;0;0;0;0;0;0;0;0;0;0;0;0;0;0;0;0;0;0;0;0;0;0;0;0;0;0;0;0;0;0
"C2_2018.02";1020;870;5303;110;2250;0;179;385;1112;13;198;0;56;7221;23;211;0;56;451;684;86;808;207;253;0;160;2828;495;0;57;452;112;4;101;37;106;146;0;422;28;19;0;19;0;0;0;148;0;40;202;0;520;1522;6;22;79;11;11;46;123;717;167;121;137;110;0;32;214;41;0;177;7;44;136;48;112;449;56;989;0;34;93;16;0;12;141;267;68;0;256;200;155;48;43;91;47;0;0;0;0;33;42;10;42;26;57;0;39;292;27;0;0;68;42;430;0;0;13;0;0;0;0;0;0;92;72;138;152;33;25;0;0;0;0;0;15;0;35;0;31;20;0;15;0;0;14;0;0;0;62;183;41;162;0;84;0;0;0;106;0;0;56;0;28;0;0;0;0;0;17;0;0;0;17;0;0;70;0;6;0;13;0;0;103;59;18;0;11;0;0;0;0;34;0;12;21;74;128;0;0;0;0;7;0;2;0;46;48;9;0;0;131;0;6;19;30;0;222;0;0;0;50;0;7;24;0;0;23;0;0;47;0;0;0;0;0;10;0;0;83;0;0;22;0;0;105;0;64;0;0;43;0;80;0;23;25;0;15;0;0;0;12;0;0;0;0;0;0;5;0;0;4;0;0;0;0;0;0;0;66;0;0;0;0;0;0;0;2;0;0;0;0;0;0;0;0;0;0;7;0;0;0;0;0;0;0;0;0;0;0;0;0;27;40;0;19;0;0;0;0;32;0;13;0;0;16;0;19;0;0;12;0;0;0;0;0;35;0;0;0;0;31;0;0;0;0;0;0;0;0;0;0;9;0;0;0;0;0;0;0;9;0;0;0;0;0;0;0;9;0;0;0;0;0;0;0;0;0;0;0;0;0;0;0;0;0;0;22;0;0;0;0;0;0;0;0;0;0;0;0;0;6;0;0;0;0;15;0;0;0;11;0;0;0;0;0;0;0;0;0;0;0;0;9;0;0;0;0;0;13;0;0;0;0;0;0;0;0;0;0;47;0;0;0;0;0;0;0;0;0;0;0;0;0;0;0;0;0;0;0;0;0;0;0;0;0;0;0;0;0;0;0;0;0;0;0;0;0;0;0;0;0;0;0;0;0;0;0;0;0;0;0;0;0;0;0;0;0;0;0;0;0;0;0;0;0;0;0;0;0;0;0;0;0;0;0;0;0;10;0;0;0;0;0;0;1;0;0;0;0;0;0;0;0;0;0;0;0;0;0;0;0;0;0;0;0;0;0;0;0;0;0;0;0;0;0;0;0;0;0;0;0;0;0;0;0;0;0;0;0;0;0;0;0;0;0;0;0;0;0;0;0;0;0;0;0;0
"C2_2018.04";5413;4656;10234;799;0;932;68;524;12;156;5061;79;299;1031;0;104;0;938;768;25;0;71;190;135;0;227;0;22;0;0;844;0;538;163;151;31;65;189;165;89;38;0;76;122;0;0;6;0;11;27;226;206;238;27;40;55;52;115;113;43;0;12;0;43;11;0;14;217;294;25;22;16;45;3;0;55;27;43;27;0;26;128;48;50;31;103;33;99;0;97;0;26;149;22;134;0;0;0;0;0;0;0;0;86;84;43;42;4;18;4;18;47;0;0;0;26;0;10;0;48;0;187;0;0;0;9;0;0;9;30;0;12;21;0;7;0;0;70;224;0;0;0;0;0;14;0;0;0;11;0;62;0;18;0;0;0;0;0;0;0;42;42;0;0;78;41;0;0;0;11;8;0;8;0;0;15;0;0;0;0;0;0;25;0;7;0;0;14;0;5;14;0;0;0;0;0;0;0;0;49;0;0;9;18;2;31;9;0;12;0;0;8;0;0;0;6;0;0;0;0;0;0;0;0;0;0;0;0;0;0;0;0;0;43;8;0;0;0;0;6;0;0;0;0;0;0;22;0;0;0;0;9;29;0;0;0;0;0;0;0;7;0;0;0;35;10;0;24;20;0;0;0;0;9;36;0;0;0;3;0;15;0;14;0;22;0;0;8;0;11;0;0;0;0;0;0;0;0;0;28;13;0;0;23;29;0;0;0;0;0;0;0;24;11;0;0;0;0;14;0;0;0;0;0;0;0;0;4;0;0;0;16;0;0;0;0;0;0;0;17;0;0;0;17;0;0;0;0;6;0;11;0;0;0;0;55;0;0;0;0;0;0;0;9;0;0;0;0;0;0;0;0;0;0;0;0;0;0;0;0;0;0;0;0;0;0;0;0;2;0;0;0;0;11;0;0;0;0;0;0;0;0;0;0;0;0;17;0;0;0;0;0;0;0;0;0;0;0;0;0;0;0;0;0;9;0;0;0;0;0;0;0;0;4;0;0;0;0;0;0;0;0;0;0;0;0;0;9;0;0;0;0;0;0;0;0;0;0;0;0;0;0;0;0;0;0;0;0;0;0;0;0;0;0;0;0;19;0;0;0;0;31;0;0;0;0;0;0;0;0;0;0;0;0;0;0;18;0;0;0;0;0;0;0;0;0;29;0;0;0;0;0;0;0;0;0;0;0;0;0;0;0;0;0;0;0;0;0;0;0;0;0;0;0;0;0;13;0;0;0;0;0;0;0;0;0;0;0;0;0;0;0;0;0;0;0;0;0;0;0;0;0;0;0;0;0;0;0;0;0;0;0;0;0;0;2;0;0;0;0;0;0;0;0;0;0;0
"C3_2017.04";0;27448;2346;0;0;968;24;26;3148;0;30;91;0;0;0;30;0;0;6;537;28;219;0;22;0;0;0;111;0;0;73;0;0;0;0;0;0;0;0;0;71;0;0;0;387;0;0;265;0;4;0;0;0;0;0;0;0;18;0;0;42;0;0;0;670;0;42;0;0;0;0;0;0;0;0;5;118;0;113;30;0;13;0;0;0;0;0;4;0;20;0;0;12;0;0;0;0;31;0;42;0;0;0;7;14;0;0;0;0;0;0;0;0;46;0;0;0;0;0;505;6;0;0;0;0;0;0;0;0;0;0;0;0;0;0;0;0;13;0;0;0;0;0;0;0;0;0;0;0;0;17;0;0;0;0;0;0;18;0;0;0;0;99;0;0;8;0;0;0;0;7;0;0;0;0;12;0;0;0;0;0;0;0;0;0;0;0;0;0;32;0;0;0;0;0;0;0;0;0;0;14;0;13;0;0;5;0;0;14;0;0;0;0;4;19;0;0;0;0;0;0;0;0;0;0;0;0;11;0;0;65;0;0;0;0;0;0;0;0;0;0;0;0;0;0;0;0;0;0;0;0;0;0;0;0;0;0;0;0;0;0;0;0;0;0;0;0;0;0;0;0;0;0;0;0;0;0;0;0;0;0;0;0;0;3;0;0;0;0;0;0;0;0;53;0;0;0;0;0;0;0;0;0;0;31;5;0;0;0;0;0;0;0;0;0;0;0;0;0;0;0;0;0;0;0;0;0;0;10;0;0;0;0;0;0;0;0;0;0;0;0;0;0;0;0;0;0;0;0;0;3;0;0;0;0;0;0;0;0;0;0;0;0;0;0;0;0;0;0;0;0;0;0;0;0;7;0;0;0;0;0;0;0;0;0;0;0;0;0;0;0;0;0;0;0;0;0;0;0;0;0;0;0;0;0;0;0;0;0;0;0;16;0;0;0;0;0;0;0;0;0;0;0;0;0;0;0;0;0;0;0;0;0;0;0;0;0;0;0;0;0;0;0;0;0;0;0;0;0;0;0;0;0;0;0;0;0;0;0;0;0;0;0;0;0;0;0;0;0;0;0;0;0;0;0;0;0;0;0;0;0;0;0;0;0;0;0;0;0;0;8;0;0;0;0;0;0;0;0;0;0;0;0;0;0;8;0;0;0;0;0;0;0;25;0;0;0;0;0;0;0;0;0;0;0;0;0;0;0;0;0;0;0;0;0;0;0;0;0;0;0;0;0;0;0;0;3;0;0;0;0;0;0;0;0;0;0;0;0;0;0;0;0;0;0;0;0;0;0;0;0;0;0;0;0;0;0;0;0;0;0;0;0;0;0;0;0
"C3_2018.02";58;2789;2755;0;1286;234;221;690;8759;8;74;0;0;494;0;436;0;5;23;4145;0;416;99;608;0;0;641;3985;6;58;832;0;9;6;0;0;3;0;8;0;818;0;0;0;0;0;1627;19;0;449;0;74;72;0;0;10;0;0;0;0;999;0;0;0;217;0;84;0;13;740;0;0;0;0;0;247;534;74;636;249;0;35;0;0;0;25;80;211;0;83;12;12;140;0;179;532;0;0;0;0;42;13;0;0;236;0;134;32;12;0;0;0;67;17;3;36;0;0;0;0;0;0;69;0;0;7;392;86;5;0;0;0;0;0;0;0;0;15;6;5;0;10;40;0;0;0;0;0;17;0;22;0;14;0;20;0;0;0;18;0;0;35;0;0;0;0;0;23;0;0;0;0;14;19;0;51;54;0;35;0;0;0;6;23;0;0;173;0;0;87;9;0;0;0;0;8;0;46;85;0;0;0;0;0;0;0;6;0;0;0;5;15;0;1;0;6;0;41;0;0;0;23;0;0;0;0;0;59;0;0;128;0;0;0;0;0;0;0;0;0;0;0;0;0;0;31;0;19;0;0;10;0;15;0;0;11;0;0;0;0;15;0;0;0;0;29;0;0;0;0;0;0;0;0;0;18;0;0;0;0;0;0;0;38;0;0;0;0;0;0;0;0;0;0;0;0;0;0;0;0;0;0;9;0;42;12;0;0;0;0;0;0;0;24;0;4;0;0;0;0;0;0;98;0;0;0;0;11;0;0;0;0;0;0;0;0;38;0;0;8;0;26;0;0;0;0;0;0;0;0;0;0;0;0;9;0;34;0;0;0;0;0;0;0;0;0;0;0;0;0;37;0;0;0;0;0;0;0;0;0;0;0;0;0;0;0;0;0;0;0;0;0;0;0;0;0;0;0;0;0;0;0;0;0;25;0;0;0;0;0;0;0;0;0;0;0;0;0;0;0;0;0;0;0;0;0;0;0;0;11;0;0;0;0;0;0;0;0;0;0;0;0;0;0;0;0;0;0;0;0;0;0;0;0;0;0;0;0;0;0;20;0;0;0;20;0;0;0;0;0;0;9;0;0;0;0;0;0;0;0;0;0;16;0;0;0;0;6;0;0;0;0;0;0;0;0;0;0;0;0;0;0;0;0;0;0;0;11;0;0;0;0;0;0;0;0;0;0;0;0;0;0;0;0;0;0;0;0;0;0;0;0;4;0;0;0;0;0;0;0;0;0;0;0;0;0;0;0;0;0;0;0;0;0;0;0;0;0;0;0;0;0;0;8;0;0;0;0;0;0;0;0;0;0;0;0;0;0;0;0;0;0;0;0;0;0;0
"C3_2018.04";1786;303;3467;1248;0;0;196;4226;81;398;1096;47;248;1714;0;352;0;1479;499;865;0;32;325;669;0;143;0;592;0;36;1242;46;1540;411;148;40;54;164;82;209;311;3;95;607;0;2;131;0;0;201;596;288;488;179;22;117;178;30;154;42;12;15;0;44;50;0;1673;222;232;208;26;74;0;0;0;251;39;233;23;30;21;433;108;58;25;106;126;294;0;28;0;37;494;25;10;7;0;0;0;0;26;0;0;56;524;15;107;23;0;0;22;30;11;0;6;85;120;14;0;26;0;84;164;0;0;18;0;0;73;0;0;117;79;0;24;5;0;103;85;0;0;0;25;36;0;24;0;0;50;0;264;0;6;0;0;0;0;0;4;23;252;164;0;0;29;21;0;0;0;26;14;0;0;0;0;128;0;0;37;0;14;0;268;0;39;0;0;15;0;36;47;0;0;0;0;0;0;36;175;0;0;0;0;71;0;95;36;0;0;0;0;0;17;10;92;0;0;0;0;0;12;25;0;6;35;0;0;0;0;0;6;0;0;36;0;0;0;44;40;0;0;0;22;95;0;17;80;0;28;0;0;13;20;5;0;0;0;0;0;0;8;0;0;0;22;20;0;27;32;0;0;0;0;12;110;0;2;0;24;0;61;0;11;0;39;0;0;0;0;0;0;0;0;10;0;0;43;0;0;12;0;0;0;0;55;25;0;0;0;0;0;0;97;4;0;0;33;35;30;0;0;0;14;16;0;0;0;84;31;0;0;77;0;0;0;0;0;0;0;29;0;0;0;27;26;0;0;0;20;0;38;4;0;0;22;15;0;0;0;0;16;0;0;0;0;0;0;0;0;0;0;0;0;0;0;0;13;0;0;0;0;0;0;0;0;0;0;0;0;0;0;0;0;0;0;0;0;0;0;0;0;0;0;13;0;0;0;0;0;0;0;0;18;0;0;0;0;0;0;0;0;0;0;0;8;0;24;0;0;0;0;0;0;9;0;0;0;7;0;29;0;4;0;0;0;0;0;28;4;0;15;0;0;0;0;0;0;0;0;0;0;23;0;0;0;5;0;0;10;0;0;0;0;0;0;0;0;0;0;0;0;0;0;0;0;0;0;0;14;0;0;6;0;0;0;0;0;18;0;0;0;0;0;0;0;0;0;0;0;0;0;0;4;0;29;17;0;0;0;0;0;0;0;0;0;0;11;0;0;0;0;0;0;0;0;0;13;13;0;0;0;0;0;0;0;0;0;0;0;0;3;0;0;0;0;0;0;0;0;0;0;0;0;0;0;0;0;0;0;0;0;0;0;0;0;0;10;0;0;0;0;0;0;0;0;0;0
"C4_2017.04";19;23243;1276;0;0;6839;0;32;78;0;0;32;0;0;0;47;5190;0;6;345;0;71;0;6;0;0;0;31;0;11;32;0;0;0;0;0;0;0;0;0;54;0;0;0;0;0;0;749;0;6;0;0;0;0;0;0;0;0;0;0;0;0;0;0;13;0;16;0;0;60;6;0;0;0;0;0;43;0;40;22;0;0;0;0;0;0;0;0;345;0;0;0;8;0;0;0;0;952;0;51;0;0;0;0;0;0;30;45;0;0;0;0;0;81;0;0;0;0;0;110;0;0;0;0;0;0;0;0;0;0;0;0;0;0;0;0;0;0;0;0;0;48;0;0;0;0;0;0;0;0;0;0;0;0;0;0;0;135;0;0;0;0;27;0;0;0;0;0;0;0;0;0;0;0;0;26;0;103;0;0;0;0;0;0;0;0;0;0;0;0;0;0;0;0;0;0;0;0;0;0;0;3;0;0;0;0;0;0;0;0;0;0;0;1;22;0;0;0;0;0;0;0;0;0;0;0;0;0;0;0;53;0;0;0;0;0;0;0;0;0;0;0;0;0;0;0;0;0;0;0;0;0;0;0;0;0;0;0;0;0;0;0;0;0;0;0;0;0;0;0;0;0;0;0;0;0;0;0;0;0;0;0;0;0;0;0;0;0;0;0;0;0;0;20;0;0;0;0;0;0;0;0;0;0;32;0;0;0;0;0;0;0;0;0;0;0;0;0;0;0;0;0;0;0;0;0;0;0;0;0;0;0;0;0;0;0;0;0;0;15;0;0;0;0;0;0;0;0;0;0;0;0;0;0;0;0;0;0;0;0;0;0;0;0;0;0;0;0;0;0;0;0;0;0;0;0;0;0;0;0;0;0;0;0;0;0;0;0;0;0;0;0;0;0;0;0;0;0;0;0;0;0;0;0;0;0;0;0;0;0;0;0;0;0;0;0;0;0;0;0;0;0;0;0;0;0;0;0;0;0;0;0;0;0;0;0;0;0;0;0;0;0;0;0;0;0;0;0;0;0;0;0;0;0;0;0;0;0;0;0;0;0;0;0;0;0;0;0;0;0;0;0;0;0;0;0;0;0;0;0;0;0;0;0;0;0;0;0;0;0;9;0;0;0;0;0;0;0;0;0;0;0;0;0;0;11;0;0;0;0;0;0;0;0;0;0;0;0;0;0;0;0;0;0;0;0;0;0;0;0;0;0;12;0;0;0;0;0;0;0;0;0;0;0;0;0;0;0;0;0;0;0;0;0;0;0;0;0;0;0;0;0;0;0;0;0;0;0;0;0;0;0;0;0;0;0;0;0;0;0;0;0;0;0;0;0;0
"C4_2018.02";97;2465;3845;46;1076;208;547;660;6188;6;192;0;0;370;0;515;0;23;115;3759;203;508;116;849;0;0;1013;3334;0;33;1268;0;20;11;63;8;14;0;41;23;764;0;0;0;0;0;1100;39;0;476;0;139;47;0;19;0;87;0;11;37;851;0;0;9;193;0;121;23;0;655;0;0;0;0;0;124;392;77;960;238;0;105;0;0;0;27;259;261;0;24;42;21;87;0;184;701;0;0;6;0;132;17;0;7;210;0;165;71;0;0;3;0;62;15;32;52;0;0;0;0;0;0;86;0;0;31;413;175;4;0;0;0;43;0;0;0;0;16;0;16;0;0;31;0;0;27;0;0;21;41;68;0;10;0;38;0;0;0;11;0;0;0;0;0;0;0;0;0;0;0;0;0;0;35;0;12;15;0;52;0;0;0;10;0;29;0;79;0;0;146;0;0;0;0;0;38;0;53;0;0;0;0;0;0;0;0;0;29;0;0;0;21;0;3;26;31;0;38;0;0;0;122;0;0;0;0;0;98;0;0;301;0;0;0;0;0;0;0;0;0;0;0;0;0;0;79;0;70;0;0;56;0;0;7;0;18;0;0;0;0;22;0;0;0;0;37;0;0;0;0;0;0;0;0;0;41;0;0;0;0;10;0;0;83;0;0;0;0;0;0;0;0;0;0;0;0;0;0;0;0;0;0;83;0;0;6;0;0;0;8;0;0;5;13;0;0;0;0;0;0;35;0;110;0;0;0;0;39;0;0;0;0;0;0;0;0;61;0;0;4;0;37;0;0;0;0;0;0;0;0;6;0;0;0;28;8;0;0;0;0;0;0;0;0;0;0;0;0;12;0;0;0;0;0;0;0;0;0;0;0;0;0;0;0;0;0;0;0;0;0;45;0;3;0;0;0;0;0;0;0;0;0;0;0;0;0;24;0;0;0;0;0;0;0;0;0;0;0;0;0;0;0;0;0;0;0;0;0;0;0;0;0;0;0;0;0;0;0;0;0;0;0;0;0;0;0;0;0;0;0;0;0;9;0;0;0;0;0;0;0;0;0;0;0;0;0;0;0;0;0;0;0;0;0;0;0;0;0;0;0;0;0;0;0;0;0;0;18;0;0;0;0;0;0;0;0;0;0;0;0;0;0;0;0;0;0;0;0;0;0;0;0;0;0;0;0;0;0;0;0;0;0;0;0;0;0;0;0;0;0;0;0;0;0;0;0;0;0;0;0;0;0;0;0;0;0;0;0;0;0;0;0;0;0;0;0;0;0;0;0;0;0;0;0;0;0;0;0;0;0;0;0;0;0;0;0;0;0;0;0;0;0;0;0;0;0;0
"C4_2018.04";1918;2397;5031;1996;0;175;295;2202;25;646;1341;63;330;441;0;335;0;2299;561;182;0;36;377;571;0;132;0;272;0;0;1988;22;2603;432;171;39;80;121;75;177;273;12;196;327;0;0;63;0;0;65;783;360;254;164;5;63;104;9;96;72;0;15;46;71;28;0;550;267;73;228;69;75;20;0;0;253;62;206;35;30;0;381;69;24;0;127;305;338;0;66;0;54;336;20;7;9;0;0;0;76;34;25;0;36;355;33;169;40;19;5;19;14;0;0;3;89;48;38;0;35;0;87;76;11;9;16;11;0;55;37;0;63;185;0;82;5;0;102;43;0;9;0;50;0;0;45;0;0;43;0;123;0;0;0;0;0;0;0;4;0;92;81;0;0;33;39;0;0;0;80;29;39;12;10;0;173;0;0;66;0;10;0;152;0;65;0;0;16;0;112;77;0;0;0;22;0;0;59;56;0;0;0;9;68;13;86;10;0;0;0;0;31;0;9;41;5;0;0;0;0;19;36;0;0;11;0;0;0;0;0;9;0;0;55;0;0;0;10;34;0;0;0;26;36;0;65;3;0;22;0;0;28;0;6;12;0;0;0;0;0;15;0;0;0;2;25;0;51;29;0;0;0;0;18;168;0;0;0;65;0;32;0;9;0;40;0;0;9;0;0;0;0;0;19;0;0;0;0;7;0;10;0;0;0;0;15;19;0;0;0;0;0;12;16;0;9;34;0;33;0;15;0;29;42;0;0;0;29;0;0;0;38;0;1;0;0;0;0;0;8;0;18;0;18;66;0;0;0;10;0;23;7;0;0;0;19;0;12;0;0;0;0;0;0;0;0;0;45;0;0;0;0;0;0;0;0;11;0;0;0;0;0;2;0;0;0;0;0;0;0;16;0;0;0;0;0;0;0;0;0;0;0;0;18;0;0;0;0;0;0;0;0;0;34;0;0;0;0;0;0;0;0;0;0;7;0;13;0;0;0;0;0;6;0;0;0;0;0;0;15;0;0;3;0;0;0;0;18;5;0;28;0;0;0;0;0;0;0;0;0;0;0;0;0;0;0;0;0;18;0;0;0;0;0;0;0;0;0;0;0;0;11;0;0;0;0;0;0;20;0;0;0;0;0;0;0;0;0;0;0;0;0;0;0;0;0;0;0;0;0;0;0;0;0;0;0;0;0;0;0;0;0;0;0;0;0;0;0;0;0;0;0;4;0;0;0;0;0;0;0;0;0;0;0;0;0;0;0;0;0;0;11;0;0;0;0;0;0;0;0;0;0;9;0;0;0;0;0;0;0;0;0;0;0;0;3;0;8;1;0;0;0;0;0;0;0;0
"F1_2017.04";1430;5294;2644;375;0;275;1091;707;0;217;0;0;1198;1009;0;639;0;71;422;58;0;52;1690;1524;0;148;0;281;114;19;224;92;14;132;701;449;2099;82;78;311;44;0;52;148;0;0;330;135;0;0;1;274;345;544;0;0;2558;0;330;0;0;119;121;12;29;0;40;1106;0;0;973;0;0;14;0;0;5;15;10;21;110;219;936;95;92;34;66;277;12;11;0;0;151;81;0;0;0;74;20;0;36;0;28;0;35;40;111;768;64;0;26;19;0;0;0;21;417;0;0;0;107;0;0;0;64;66;0;0;115;30;0;7;272;0;40;0;0;0;0;0;33;0;0;0;0;0;0;0;14;0;495;0;0;0;62;0;0;24;0;0;26;0;67;0;0;0;0;0;0;54;24;0;0;0;0;32;0;0;0;0;0;0;0;0;16;0;0;30;0;0;14;19;0;97;86;0;0;11;0;0;0;0;35;0;27;146;40;211;0;0;13;0;0;0;38;0;0;0;21;0;13;132;0;12;0;0;0;6;0;0;56;11;0;20;0;0;0;48;0;0;0;0;0;0;0;0;0;0;0;0;0;6;0;96;0;0;0;0;0;0;0;0;0;0;0;9;0;0;0;0;0;0;0;21;0;0;0;0;0;0;0;0;0;0;0;0;0;12;0;0;0;0;0;0;0;0;0;0;0;27;0;0;0;0;9;0;0;0;0;27;0;0;0;0;0;0;0;10;0;0;0;0;18;0;0;0;0;11;0;0;0;0;0;0;40;0;0;0;0;14;0;0;0;26;0;0;0;64;27;0;0;0;17;0;0;0;0;0;0;0;0;0;0;0;0;0;0;0;0;0;0;0;0;0;0;0;0;21;0;0;0;0;0;0;0;0;0;0;0;0;0;0;0;1;0;0;0;0;0;0;0;0;0;0;0;0;0;0;18;0;0;0;0;0;0;0;0;0;0;0;32;0;0;15;0;0;0;0;0;0;0;0;0;0;0;0;63;0;0;0;0;0;12;0;0;0;0;0;0;0;0;0;0;16;0;0;0;0;0;0;0;0;0;0;0;0;0;0;0;0;0;17;0;0;0;0;0;11;0;0;0;0;0;0;0;0;0;0;0;0;0;0;0;0;0;0;0;0;0;0;0;0;0;0;0;0;0;0;0;0;0;0;0;0;0;0;0;0;0;0;0;0;0;0;0;0;0;0;0;0;0;0;0;0;0;0;0;0;0;0;0;0;0;0;0;0;0;0;0;0;0;0;0;0;0;0;0;0;0;0;0;0;0;11;0;0;0;0;0;0;0;0;0;0;0;0;0;0;0;10;0;0;0;0;0;0;0
"F1_2018.02";545;4651;2117;34;15417;0;52;485;226;19;179;8;100;433;74;63;0;26;50;149;0;306;12;17;0;148;2029;147;65;0;153;73;0;3;0;214;105;0;342;0;41;0;41;0;0;0;48;0;100;23;0;297;334;0;16;113;0;16;0;183;47;185;240;56;367;0;0;0;45;50;116;2;114;149;106;57;138;238;428;0;0;3;0;49;14;159;164;78;0;277;125;110;16;22;37;35;0;0;17;0;16;26;5;51;9;34;0;0;0;27;47;0;0;19;10;0;0;0;0;0;0;0;0;12;88;65;32;51;0;0;0;35;0;0;0;56;0;54;0;19;37;0;0;0;0;0;0;0;0;49;30;0;29;0;0;0;0;0;22;0;0;10;0;35;5;0;0;38;0;10;12;0;0;0;0;0;184;0;3;0;0;0;0;3;48;58;0;0;0;0;0;0;0;0;0;0;0;8;0;0;0;0;0;0;10;0;17;0;14;19;5;8;0;1;0;60;0;205;0;0;0;42;0;0;0;0;27;0;0;0;7;0;0;0;0;0;0;0;0;29;0;0;0;0;0;0;0;17;0;0;2;0;0;0;10;49;0;0;0;0;3;0;0;0;0;0;0;0;0;0;0;0;0;9;0;0;0;0;0;0;6;0;0;0;0;0;0;0;0;7;0;0;0;0;0;0;0;0;0;0;0;0;0;0;10;0;0;0;0;0;0;0;0;38;0;27;0;0;0;12;0;0;0;73;0;0;0;9;0;0;0;0;0;0;0;0;0;0;0;0;0;0;0;0;0;28;0;0;0;0;0;3;12;0;0;0;0;0;0;0;0;0;0;0;0;0;0;0;0;0;0;0;0;0;0;0;0;0;0;0;0;0;2;0;0;0;0;20;0;0;0;0;0;0;0;0;0;0;0;0;0;0;0;0;0;0;0;0;0;0;0;0;0;0;0;0;0;0;0;0;0;0;0;0;0;6;0;0;0;0;0;0;0;0;0;0;0;0;0;0;0;0;0;0;0;0;0;0;0;0;0;0;9;0;0;0;0;0;0;0;0;0;0;0;0;0;0;0;0;0;0;0;0;0;0;0;0;0;0;0;0;0;0;0;0;0;0;0;0;0;0;0;0;0;0;0;0;0;0;0;0;0;0;0;0;0;0;0;0;0;0;0;0;0;0;0;0;0;0;0;0;0;0;0;0;0;0;0;0;0;0;0;0;0;0;0;0;0;0;0;0;0;0;0;0;0;0;0;0;0;0;0;0;0;0;0;0;0;0;0;0;0;0;0;0;0;0;0;0;0;0;0;0;0;0;0;0;0;0;0;0;0;0;0;0;0;0
"F1_2018.04";5656;1575;15205;734;5;1276;127;294;0;232;3584;1880;604;46;0;35;0;133;162;0;0;456;358;11;0;243;0;0;20;30;1358;19;130;271;88;59;150;37;61;27;1;6;145;66;0;0;12;95;13;0;79;165;204;22;97;28;21;711;202;22;0;50;36;39;4;0;0;0;285;0;22;28;10;0;0;17;11;0;129;0;0;11;33;42;58;122;126;83;0;285;5;23;47;91;0;0;0;0;59;0;105;15;16;116;95;32;70;0;0;22;0;13;0;0;0;0;4;20;63;0;0;64;0;11;0;21;0;0;22;39;0;0;0;0;6;0;0;0;204;5;4;0;30;0;17;34;0;0;30;0;18;4;7;0;0;0;0;0;0;0;22;0;0;0;24;47;0;0;31;0;6;0;0;0;0;2;0;0;0;9;0;0;7;0;34;2;0;0;0;0;0;0;0;0;0;0;0;0;0;0;0;0;0;7;0;0;12;0;87;0;12;0;0;0;0;0;0;0;0;0;0;0;30;0;0;0;0;0;0;0;8;0;0;16;4;0;0;27;0;0;0;0;0;0;0;16;0;0;0;0;0;14;8;0;0;0;0;0;0;0;10;0;0;0;31;6;0;0;8;0;0;0;0;8;0;0;0;0;0;0;24;0;26;0;6;0;0;0;0;12;0;0;0;0;0;0;0;0;0;0;0;0;0;0;9;0;0;0;0;0;0;0;0;18;0;0;17;0;0;0;0;0;0;9;0;0;0;0;0;0;0;0;0;9;0;0;0;5;0;17;3;0;0;0;0;0;0;0;20;0;44;0;6;0;0;6;0;0;0;0;0;0;0;0;0;0;0;0;0;0;0;0;0;0;0;0;0;0;0;0;0;0;0;0;0;0;0;0;0;3;0;0;0;0;0;0;0;0;0;0;0;0;0;0;0;0;0;0;0;0;0;0;0;5;0;0;0;0;0;0;0;0;0;0;0;0;0;0;0;0;0;0;0;0;0;0;9;0;0;0;0;0;0;0;0;0;0;0;5;0;0;0;0;0;20;0;0;0;0;0;0;0;0;0;0;0;0;0;0;0;0;0;0;0;0;0;0;0;0;0;0;0;0;4;0;0;0;0;0;0;0;0;0;0;0;0;0;0;0;0;0;0;0;0;0;0;0;0;0;0;0;0;4;0;0;0;0;0;0;0;0;0;0;0;0;0;0;0;0;0;0;0;0;0;0;0;0;0;0;0;0;0;0;0;0;0;0;0;0;0;0;0;0;0;0;0;0;0;0;0;0;0;0;0;0;0;0;0;0;0;0;0;0;0;0;0;0;0;0;0;0;0;0;0;0;0;0
"F2_2017.04";1567;13252;7028;533;0;1181;1377;166;0;318;54;200;473;107;0;536;0;216;5;12;0;838;453;21;0;96;0;34;493;39;448;29;30;203;43;321;2360;0;194;15;0;0;64;18;0;51;33;111;0;0;6;462;39;0;10;7;172;26;82;73;0;164;278;0;0;0;4;25;0;0;656;3;0;26;0;8;49;8;51;19;59;70;26;134;41;0;57;242;131;25;0;0;110;28;0;0;0;0;185;0;23;0;25;71;24;0;0;5;39;77;26;0;0;16;0;12;41;16;0;0;0;0;0;0;73;77;11;0;260;0;0;0;0;0;67;0;0;5;0;13;82;0;37;0;0;0;0;0;24;0;56;0;11;13;82;0;0;10;0;65;0;0;204;0;0;32;0;0;0;80;43;0;0;0;10;76;0;162;0;0;0;0;0;5;22;0;0;0;0;0;45;15;0;43;0;38;0;0;0;0;73;299;39;0;15;36;24;0;67;0;12;0;18;0;0;0;0;0;87;0;32;160;51;110;0;0;0;35;0;0;92;0;0;0;12;0;0;98;0;15;0;0;16;0;0;0;0;0;0;0;0;0;0;27;0;0;0;0;0;0;5;0;0;0;0;0;11;0;0;0;0;0;0;11;0;0;0;83;0;0;14;0;0;33;5;0;18;18;0;16;0;26;0;38;0;0;0;0;0;133;12;0;0;0;0;0;0;22;13;11;0;0;0;37;0;0;0;0;15;11;22;0;26;0;0;0;0;0;0;11;0;0;0;0;26;17;11;0;0;0;0;22;0;0;0;7;0;0;11;0;3;6;38;0;0;0;0;0;0;0;0;0;0;0;0;0;0;0;0;0;0;0;0;0;0;0;0;47;0;0;0;0;3;0;0;0;0;0;0;0;0;0;0;4;0;0;0;0;0;0;0;0;0;0;0;0;0;0;12;0;0;0;0;0;0;0;0;0;0;0;0;0;0;21;0;0;0;0;0;0;0;0;0;0;0;0;55;2;0;0;0;0;0;0;0;0;0;0;0;0;0;0;0;0;0;0;0;0;0;0;0;0;0;0;0;0;0;12;6;0;0;0;0;0;0;0;0;12;0;0;0;0;0;0;0;0;0;0;0;16;0;0;0;0;0;0;0;0;0;0;0;0;0;0;0;0;0;0;14;0;0;0;4;0;0;0;0;0;0;0;0;0;0;0;0;0;0;0;0;0;0;0;0;0;0;0;0;0;0;0;0;0;0;0;0;0;0;13;0;0;0;0;0;0;0;0;0;0;0;0;0;0;0;0;9;0;0;0;0;0;0;0;0;0;0;0;0;0;0;0;0;0;0;0;0;0;0
"F2_2018.02";1385;6895;3265;118;7587;0;71;1924;31;73;393;0;158;638;78;56;0;61;42;0;0;389;34;0;0;88;1527;0;73;25;238;128;0;55;14;341;136;0;637;0;0;0;45;0;0;0;0;0;316;0;2;128;242;3;73;160;0;0;6;271;7;275;273;156;165;0;0;0;27;0;149;5;212;85;185;60;105;651;381;7;0;0;0;80;15;340;512;101;0;193;211;153;40;0;45;0;0;0;101;0;13;55;8;79;0;22;0;0;0;51;50;0;27;0;22;8;0;23;0;0;0;0;0;8;66;103;13;54;0;0;0;49;0;0;14;157;0;37;0;4;59;1;5;0;0;32;0;0;0;85;43;24;38;17;0;0;0;0;23;0;0;44;0;38;5;0;8;39;0;17;15;0;0;14;0;58;117;0;0;16;0;46;0;0;94;102;0;0;0;0;0;0;23;0;0;0;12;7;87;0;0;0;0;0;13;0;15;0;6;28;10;23;0;0;0;114;0;131;0;0;13;10;12;0;0;0;59;3;59;0;18;0;0;0;0;0;0;0;0;44;0;0;0;0;0;0;0;44;0;0;19;0;0;0;13;38;0;0;0;0;19;0;0;0;0;0;0;0;5;0;0;68;0;11;0;0;0;0;0;0;0;0;0;0;0;0;0;7;0;11;0;0;0;0;16;0;0;0;0;0;0;0;0;0;12;0;0;0;0;0;18;0;0;43;0;9;0;0;14;20;13;0;0;39;0;0;0;16;10;0;75;0;0;0;0;0;0;0;0;0;0;6;0;0;0;21;0;0;0;0;21;0;24;0;0;0;0;0;0;0;0;0;0;0;0;0;0;0;0;0;0;0;0;0;0;0;0;0;11;0;0;0;2;0;0;0;0;11;0;0;10;0;6;0;0;0;0;0;0;0;0;0;0;0;0;0;0;14;0;0;0;0;0;0;0;0;0;18;0;0;0;0;0;0;0;10;0;0;0;0;0;0;5;0;0;0;0;0;0;0;18;0;0;0;0;0;14;0;0;0;8;0;0;0;0;0;0;0;0;8;0;0;0;0;0;0;3;0;0;0;0;19;0;0;0;0;8;0;0;0;0;0;0;0;0;0;0;0;0;0;0;0;0;0;0;0;0;0;0;0;0;0;0;0;0;0;0;0;0;0;0;0;0;0;0;0;9;15;0;0;0;0;0;0;0;3;0;0;0;0;0;0;0;0;0;0;0;0;0;0;0;0;0;0;0;0;0;0;0;0;0;0;2;0;0;0;0;0;0;0;0;0;0;0;0;2;0;0;0;0;0;0;0;0;0;0;0;0;0;0;0;0;0;0;0;0;0
"F2_2018.04";12816;689;9542;1860;0;0;261;259;0;458;1121;517;452;163;19;36;0;380;454;9;0;129;228;46;0;259;0;16;0;35;978;16;319;275;230;198;212;162;243;101;4;0;513;50;0;0;59;3;49;9;212;303;224;1633;386;49;13;195;220;62;0;202;238;91;0;0;22;0;73;0;54;1;56;0;0;69;9;2;47;0;0;8;128;56;37;143;532;95;0;87;12;36;44;66;61;0;0;0;41;0;37;38;16;83;99;37;68;0;29;15;15;0;0;0;0;0;0;45;0;0;0;14;0;31;0;33;0;0;19;57;0;10;0;0;25;0;0;0;60;0;14;0;19;0;24;15;0;0;0;0;35;18;5;2;0;0;0;0;13;0;18;0;0;0;20;22;0;0;0;38;16;0;0;77;0;4;0;0;4;35;10;0;3;0;79;0;0;0;0;0;25;0;0;0;0;0;0;0;0;0;0;0;2;33;22;0;0;0;13;11;0;0;0;0;0;0;0;0;0;0;15;8;20;0;17;0;0;0;38;0;6;0;0;43;0;0;0;31;0;35;0;0;0;0;13;0;2;0;0;0;0;25;0;0;0;0;0;0;0;0;36;0;0;0;18;9;0;10;13;0;0;0;0;19;0;0;0;0;0;0;16;0;0;0;0;0;0;15;0;0;0;0;0;0;0;0;0;0;0;0;21;0;0;11;11;0;0;0;0;0;0;0;0;28;0;0;18;0;0;0;0;0;0;0;0;0;0;0;0;0;0;0;0;0;4;0;0;4;0;12;0;0;0;13;0;0;0;0;4;0;4;0;13;0;0;0;0;0;0;0;0;0;0;0;0;0;0;0;0;0;0;0;0;0;0;0;0;0;0;0;0;0;0;0;0;0;0;0;8;0;0;0;0;0;0;0;0;0;0;0;0;0;0;0;0;0;0;0;0;0;0;0;0;0;0;0;0;0;0;0;0;0;0;0;0;0;0;0;0;0;0;0;0;0;0;0;0;2;0;0;0;0;0;0;0;0;0;0;7;0;0;0;0;0;0;0;0;0;0;0;0;0;0;0;0;0;0;0;7;0;0;0;0;0;0;0;0;0;6;0;0;0;0;0;0;0;0;0;0;12;0;15;0;0;0;0;0;0;0;0;0;0;0;0;0;0;0;0;0;0;0;0;0;0;0;0;0;0;0;0;0;0;0;0;0;0;0;0;0;0;0;0;0;0;0;0;0;0;0;0;0;0;0;0;0;0;0;0;0;0;2;0;0;0;0;0;0;0;0;0;0;0;0;0;0;0;0;0;0;0;0;0;0;0;0;0;0;0;0;0;0;0;0;0;0;0;0
"F3_2017.04";779;18936;7119;173;0;5476;569;64;0;114;46;241;0;0;0;175;0;50;30;0;0;450;184;131;0;14;0;0;0;0;120;0;20;71;50;147;541;9;24;7;34;0;20;0;0;0;28;967;0;0;4;158;36;0;5;0;70;16;0;8;0;47;0;0;0;0;0;54;0;0;315;0;7;0;0;22;10;31;0;18;1361;40;49;29;0;0;28;76;0;16;0;5;20;0;0;1;0;26;15;0;18;0;16;13;0;0;0;0;16;34;15;0;0;0;0;0;0;0;0;0;8;0;0;0;27;25;0;0;92;0;0;0;16;0;20;0;0;0;0;0;0;0;0;0;0;0;0;0;0;0;15;0;0;0;21;0;0;11;0;0;0;0;0;0;6;32;0;0;0;14;23;213;0;0;0;0;0;0;0;0;0;0;0;0;6;0;0;0;0;0;16;29;0;50;0;0;0;0;0;0;0;0;0;0;4;11;0;0;23;0;0;0;0;0;0;0;0;0;0;0;0;75;0;8;0;0;0;10;0;0;28;0;0;0;0;0;0;17;0;0;0;0;0;0;0;0;0;0;0;0;0;0;22;11;0;0;0;0;0;0;0;0;0;0;0;0;0;0;0;0;0;0;0;0;0;0;0;0;0;0;0;0;0;0;0;0;13;0;0;0;0;0;0;18;0;0;0;0;0;28;0;0;0;0;0;0;0;0;11;0;0;0;0;0;0;0;0;0;0;0;0;0;0;0;0;0;0;0;0;0;0;0;0;0;0;0;0;0;0;0;0;13;0;0;0;0;0;0;2;0;0;0;4;0;0;0;0;0;0;0;0;0;0;0;0;0;0;10;0;0;0;0;0;0;22;0;0;0;0;0;0;0;0;0;0;0;0;0;0;0;0;0;0;3;0;0;0;0;0;0;0;0;0;0;0;0;0;0;0;0;0;0;0;0;0;0;0;0;0;0;0;0;0;11;0;0;0;0;0;0;0;0;0;0;0;0;24;0;0;0;0;0;0;0;0;0;0;0;0;0;0;0;0;0;0;0;0;0;0;0;0;0;0;0;0;0;0;0;0;0;0;0;0;0;0;0;0;0;0;0;0;0;0;0;0;0;0;0;0;0;0;0;0;0;0;0;0;0;0;0;0;0;0;0;0;0;0;0;0;0;0;0;0;0;0;0;0;0;0;0;0;0;0;0;0;0;0;0;0;0;0;0;0;0;0;0;0;0;0;0;0;0;0;0;0;0;0;0;0;0;0;0;0;0;0;0;0;0;0;0;0;0;0;0;0;0;0;0;0;0;0;0;0;0;0;0;0;0;0;0;0;0;0;0;0;0;0
"F3_2018.02";2168;1422;4039;282;1425;121;109;979;15;139;210;9;760;52;147;145;0;151;128;5;0;331;180;0;0;898;182;7;1476;32;394;39;32;146;72;602;595;0;1537;25;0;0;181;0;0;0;26;0;457;0;20;1036;534;0;175;423;0;15;112;769;0;602;577;266;73;0;0;25;9;0;316;1;340;643;337;148;130;137;382;18;0;0;0;150;24;862;971;206;0;637;325;627;54;86;326;0;0;0;228;0;12;143;11;152;0;264;0;0;42;105;144;0;22;11;147;17;0;80;0;0;0;0;0;46;139;456;16;19;5;79;0;0;0;0;56;196;0;18;0;4;91;0;0;0;12;0;0;0;0;71;61;78;49;42;0;0;0;0;110;0;0;29;0;109;8;0;11;33;0;37;28;0;0;58;4;71;11;0;0;45;0;50;0;0;197;136;0;0;0;0;0;0;59;0;13;14;33;5;0;0;0;0;0;5;20;4;60;0;0;48;0;77;0;0;14;181;0;285;0;0;12;49;49;0;0;0;0;11;25;0;35;0;0;0;0;0;0;0;22;155;0;0;5;0;0;59;0;7;0;0;9;0;0;0;102;34;0;10;0;0;40;74;0;0;0;0;0;0;5;0;20;51;0;24;0;6;0;0;0;0;3;0;0;0;20;0;0;10;0;0;0;35;0;1;92;0;0;0;11;0;0;0;0;0;0;0;10;0;0;0;11;0;0;36;0;7;0;0;43;19;22;0;0;23;0;35;0;0;0;0;0;0;0;0;5;17;0;23;0;0;0;55;0;0;0;64;0;0;0;0;0;0;24;0;0;0;10;0;0;0;0;0;0;0;0;0;15;14;32;0;0;0;0;0;0;0;47;0;0;0;0;5;8;29;0;0;0;13;34;0;13;0;23;0;0;0;0;0;0;0;0;7;0;0;0;0;0;16;0;0;0;0;0;0;0;0;0;14;0;0;0;0;11;0;0;23;0;0;0;0;0;0;0;1;0;0;22;0;0;0;0;6;0;0;0;0;15;0;0;0;0;0;0;0;0;0;0;0;0;6;0;0;0;0;0;0;10;0;0;15;0;6;0;0;0;3;0;1;0;0;0;0;0;0;0;0;0;0;0;0;0;0;0;0;0;0;0;0;0;0;0;0;0;0;0;0;0;0;0;0;0;0;0;0;0;0;0;0;11;12;12;0;0;0;0;0;0;0;0;0;0;0;0;0;0;0;0;0;10;0;0;0;0;0;0;0;0;0;0;0;0;0;0;0;0;0;0;0;0;0;0;0;0;0;0;0;0;0;0;0;0;0;0;0;0;2;0;0;0;0;0;0;0;0;0;0;0
"F3_2018.04";2589;5306;16140;315;0;611;85;83;0;142;4323;2969;244;200;0;17;0;34;109;0;0;687;101;10;0;106;0;0;28;48;1952;7;36;108;72;0;61;29;38;36;0;0;50;31;0;0;14;52;10;0;40;63;97;96;62;16;0;845;138;14;0;13;41;19;0;0;0;0;422;0;0;5;0;0;0;8;36;11;166;0;0;0;19;27;10;242;78;47;0;332;0;0;8;52;4;0;0;0;70;0;51;15;11;101;45;27;0;0;9;5;0;5;0;0;0;0;26;13;112;0;0;59;0;8;0;0;0;0;0;14;0;0;0;0;0;0;0;0;245;2;0;0;5;0;24;12;0;0;0;0;23;0;0;0;0;0;0;0;2;0;7;0;0;0;8;71;0;0;34;0;0;0;10;0;24;0;0;0;0;0;0;0;0;0;12;0;0;0;0;0;11;0;0;4;0;0;0;0;0;0;0;5;0;13;0;0;0;0;52;0;38;0;0;0;0;4;0;0;0;0;0;0;33;0;0;0;0;0;0;0;0;0;0;6;0;0;0;9;0;0;0;0;3;0;0;0;0;0;0;0;0;6;0;0;0;0;0;0;0;0;11;0;0;0;39;3;0;0;17;0;0;0;0;6;0;0;0;0;0;0;0;0;108;0;0;0;0;0;0;20;0;0;0;0;0;0;0;0;0;0;5;0;0;0;6;0;0;0;0;0;0;0;0;18;0;0;14;0;0;0;0;0;0;0;0;0;0;0;0;0;0;0;0;5;0;0;0;0;0;8;0;0;0;6;0;0;0;0;8;0;43;0;0;0;0;0;0;0;0;0;0;0;0;0;0;0;0;0;0;0;0;0;0;0;0;0;0;0;0;0;0;0;0;0;0;0;0;0;0;0;0;9;0;0;0;0;0;0;0;0;0;0;0;0;0;0;0;0;0;0;0;0;0;0;0;0;0;0;0;0;0;0;0;0;0;0;0;0;0;0;0;0;0;0;0;0;0;0;0;0;7;0;0;0;0;0;0;0;0;0;0;0;0;0;15;0;0;0;0;0;0;0;0;0;0;0;0;0;0;0;0;0;0;0;0;0;0;0;0;0;0;0;0;4;0;0;0;0;0;5;0;11;0;0;0;0;0;0;0;0;0;0;0;0;0;0;0;0;0;0;0;0;9;0;0;0;0;0;0;0;0;0;0;0;0;0;0;0;0;0;0;0;0;0;0;0;0;0;0;0;0;0;0;0;0;0;0;0;0;0;0;0;0;0;0;0;0;0;0;0;0;0;0;0;0;0;0;0;0;0;0;0;0;0;0;0;0;0;0;0;0;0;0;0;0;0;0
"F4_2017.04";215;20170;3680;66;0;11266;218;48;0;19;64;287;0;36;0;102;0;22;9;0;0;513;236;18;0;28;0;8;15;0;0;15;0;24;9;65;364;25;0;0;0;0;17;7;0;0;0;1476;0;0;0;54;0;10;0;0;140;15;18;0;0;23;38;0;0;0;0;0;0;0;100;0;0;0;0;0;12;28;80;0;20;18;18;49;0;0;0;53;78;20;0;0;40;20;0;0;0;8;0;0;0;0;0;0;0;5;0;32;17;0;0;0;0;0;0;0;0;0;200;0;0;0;0;0;0;26;0;0;16;0;0;0;0;0;8;0;0;0;0;0;0;0;0;0;0;0;0;0;0;0;15;0;10;0;0;0;0;57;0;0;0;0;0;0;0;35;0;0;0;9;0;0;0;4;0;0;0;0;7;0;0;0;0;0;0;0;0;0;0;0;0;0;0;0;0;9;0;0;0;0;0;0;0;0;0;22;0;0;28;0;24;0;0;0;0;0;0;0;0;0;0;0;0;6;0;0;0;0;0;218;9;0;0;0;0;0;0;9;0;0;0;0;0;0;0;0;0;0;0;0;0;0;0;16;0;0;0;0;0;0;0;0;0;0;2;0;0;0;0;0;0;0;0;0;0;0;0;0;0;0;0;0;0;0;0;0;0;0;0;19;0;0;0;0;0;0;0;0;0;15;0;0;0;0;0;0;0;0;0;0;3;0;0;14;0;0;0;0;0;0;0;0;0;0;0;0;0;0;0;21;0;0;0;0;0;0;0;0;0;0;0;0;0;0;0;0;0;0;0;0;5;0;4;0;0;0;0;0;0;0;0;0;0;0;0;0;0;0;0;0;0;0;0;0;0;0;0;0;0;0;0;0;0;0;0;0;0;0;0;0;0;0;0;0;0;0;0;0;0;0;0;0;0;0;0;0;0;0;0;0;0;0;0;0;0;0;0;0;0;0;0;0;0;0;0;0;0;0;0;0;0;0;0;0;0;0;11;0;0;0;0;0;0;0;0;0;0;0;0;0;0;0;0;0;0;0;0;0;0;0;0;0;0;0;0;0;0;7;0;0;0;0;0;0;0;0;0;0;0;0;0;0;0;0;0;0;0;0;0;0;0;0;0;0;0;0;0;0;0;0;0;0;0;0;0;0;0;0;15;0;0;0;0;0;0;0;0;0;0;0;0;0;0;0;0;0;0;0;0;0;0;0;0;0;0;0;0;0;0;0;0;0;0;0;0;0;0;0;0;8;0;0;0;0;0;0;0;0;0;0;0;0;0;0;0;0;0;0;0;0;0;0;0;0;0;0;0;0;0;0;0;0;0;0;0;0;0
"F4_2018.02";2313;2607;3523;342;1417;69;145;582;15;109;117;0;657;0;138;108;0;203;59;0;0;222;201;0;0;696;199;5;1312;0;723;97;18;112;66;655;713;0;1865;25;1;0;170;0;0;0;9;0;448;0;18;993;588;0;134;374;0;9;55;1040;0;579;616;322;26;0;0;27;3;0;250;2;334;598;330;38;109;58;413;10;0;0;0;111;21;1309;819;171;0;655;274;580;48;48;295;0;0;0;246;0;18;135;19;222;0;352;0;0;29;101;77;0;21;5;121;7;0;68;0;0;0;0;0;81;122;624;12;44;20;53;0;0;0;0;45;154;0;25;11;9;123;0;0;0;7;0;0;0;0;144;90;56;29;66;0;0;0;0;62;0;0;37;0;131;7;0;0;81;0;27;33;0;0;19;9;85;10;0;0;58;0;41;0;0;192;154;0;0;0;0;18;0;47;0;0;0;14;4;0;0;0;0;9;7;20;3;53;0;23;54;13;53;6;0;0;253;0;231;29;0;13;42;33;5;7;0;0;5;110;0;31;0;0;0;0;0;0;37;19;273;0;0;0;0;0;68;0;14;0;0;27;21;0;0;105;42;0;26;0;0;46;38;0;0;0;0;4;0;0;0;0;46;0;31;0;8;0;0;0;0;4;0;0;0;12;0;0;18;0;0;0;41;0;0;32;0;0;0;0;0;5;0;0;0;10;0;5;0;0;0;0;4;0;17;0;9;0;0;23;24;52;0;0;0;0;31;0;0;0;0;0;0;0;0;0;0;0;20;0;0;0;48;0;0;0;21;0;0;0;0;2;9;36;0;0;0;0;0;0;0;0;0;0;0;0;3;0;21;21;0;0;0;0;0;0;0;27;0;0;0;0;0;15;0;0;0;0;19;12;0;0;0;20;0;30;0;0;0;0;0;0;0;0;0;0;0;0;15;0;0;0;0;0;0;0;0;0;8;0;0;0;0;0;0;0;20;0;0;0;0;0;0;0;0;0;0;6;0;0;0;0;0;0;0;0;0;20;0;0;0;12;0;0;0;0;0;0;0;0;0;0;0;0;0;0;0;5;0;0;0;0;0;0;0;0;0;0;6;0;0;0;0;0;0;0;0;0;0;0;0;0;0;0;0;0;0;0;0;0;0;0;0;0;0;0;0;0;0;0;0;0;0;0;0;0;0;0;0;10;0;13;0;0;0;0;0;0;0;0;0;0;0;0;0;0;0;0;2;0;13;0;0;0;0;0;0;0;0;0;0;0;0;7;0;0;0;0;0;0;0;0;0;0;0;0;0;0;0;0;0;0;0;0;0;0;0;0;0;0;0;0;0;0;0;0;0;0
"F4_2018.04";7163;3165;12392;1312;7;126;313;483;0;466;1099;746;1079;74;12;54;0;247;580;0;0;248;391;39;0;315;0;0;5;76;1197;20;196;440;209;88;248;348;124;117;11;13;257;49;0;0;34;6;29;0;137;340;319;94;257;32;15;299;508;91;0;64;112;103;6;0;0;0;117;25;0;38;21;0;0;56;5;63;84;0;0;10;87;127;95;148;257;129;0;100;6;36;82;120;8;0;0;0;42;0;401;41;27;117;151;77;0;0;13;36;23;5;0;0;2;9;1;39;0;0;58;29;0;0;0;32;0;0;25;45;0;0;30;0;15;0;0;0;95;4;5;0;0;0;35;49;0;0;35;0;51;11;9;0;0;0;0;0;2;0;35;0;0;0;50;11;0;0;0;9;10;0;0;0;0;12;0;58;13;15;10;0;7;0;58;1;0;13;0;0;37;0;0;0;0;0;0;0;0;0;0;0;5;55;8;7;10;0;50;7;0;0;0;0;0;8;0;0;0;0;10;3;18;3;14;0;0;0;32;0;11;0;0;33;16;0;0;31;0;40;0;0;0;0;0;0;0;0;12;0;0;21;0;0;4;0;0;0;0;0;31;0;0;0;21;13;0;0;15;0;0;0;0;20;11;0;0;0;0;0;14;0;34;0;3;0;0;0;0;0;0;0;0;0;0;0;0;0;0;16;33;0;0;5;7;0;1;0;0;0;0;0;0;22;0;0;0;10;2;0;0;0;0;0;0;0;0;0;0;0;0;0;0;11;0;0;0;11;0;18;9;0;0;13;0;0;0;0;11;0;7;0;24;0;0;0;0;0;0;0;16;0;0;0;0;0;0;0;0;0;0;0;0;0;0;0;0;0;0;0;0;0;0;0;0;0;0;0;0;0;0;0;0;0;0;0;0;0;0;0;0;0;0;0;0;10;0;0;0;0;0;0;0;0;0;0;0;0;0;0;0;0;0;0;0;0;0;0;0;0;0;0;0;0;0;0;4;3;0;0;0;0;0;0;0;0;0;0;7;0;0;0;0;0;0;0;0;0;0;0;0;0;0;0;0;0;0;0;21;0;0;0;0;0;0;0;0;0;0;0;0;0;0;8;0;0;0;0;0;9;0;0;0;0;0;0;0;0;0;0;0;0;0;0;0;0;0;0;0;0;0;0;1;0;0;0;0;0;0;0;0;0;0;0;0;0;13;0;0;0;0;0;0;0;0;0;0;0;0;0;0;0;0;0;0;0;0;0;0;0;0;0;0;0;0;0;0;0;0;0;0;0;0;0;0;0;0;0;0;0;0;0;0;0;0;0;0;0;0;0;0;0;0;0;0;0;0
"H1_2017.04";14889;3622;1726;454;0;282;618;90;0;271;78;214;180;40;5178;1641;0;146;48;8;0;159;152;23;0;269;0;10;69;49;286;0;19;76;47;439;807;18;35;115;0;21;114;24;0;0;8;58;23;0;3;37;421;0;132;0;93;32;266;36;0;11;201;10;0;0;8;0;59;0;0;0;12;103;0;121;10;30;21;75;0;0;88;57;0;27;71;301;47;28;0;265;80;177;0;0;899;21;11;0;16;0;22;16;311;17;0;0;0;43;16;1065;0;0;122;77;0;32;0;0;0;5;0;0;8;33;0;0;6;14;0;18;0;0;22;0;0;0;0;34;0;95;0;0;0;0;16;0;0;0;0;0;7;0;0;0;470;15;0;0;21;0;0;0;19;0;0;0;20;29;21;0;38;3;0;35;0;0;4;0;0;0;0;0;0;0;0;0;0;0;35;9;0;68;0;105;0;69;0;0;0;0;28;0;10;64;3;0;25;9;144;0;16;11;0;0;0;0;11;0;0;29;0;0;56;0;66;0;12;0;0;0;68;0;0;0;0;0;12;9;121;0;0;0;0;0;0;0;0;0;0;7;0;0;0;0;0;0;0;0;0;0;0;0;0;15;2;0;7;0;0;0;0;5;27;0;9;0;0;0;0;86;0;0;0;0;19;11;20;0;0;0;0;0;0;5;0;0;29;45;0;0;0;0;35;0;0;30;0;78;0;0;0;35;0;0;0;57;0;6;0;0;0;0;0;0;0;1;0;21;0;0;0;43;0;5;0;0;0;0;0;0;0;4;2;0;0;0;0;0;0;0;0;0;0;0;0;0;0;0;0;0;0;0;0;0;0;0;0;0;0;0;0;0;22;0;0;0;24;0;0;13;0;0;0;0;0;0;0;9;0;0;0;0;0;0;0;0;0;0;0;0;0;0;0;6;0;0;0;0;0;0;0;0;0;0;7;0;0;19;0;0;0;0;0;0;0;0;0;0;0;0;0;0;0;0;0;0;0;0;0;0;7;0;0;0;0;0;9;0;0;0;0;0;0;0;0;0;0;0;0;0;0;0;0;0;0;0;0;0;0;0;16;0;0;0;0;0;0;0;0;0;0;0;0;0;0;0;0;0;0;0;0;0;0;0;0;0;0;0;0;0;0;0;0;0;0;0;15;12;0;0;0;0;0;0;0;0;0;0;0;0;0;0;0;0;0;0;0;0;0;0;0;0;0;0;0;0;0;0;0;0;0;0;0;0;0;0;0;0;0;0;10;3;0;0;0;0;0;0;0;0;0;0;0;0;10;0;0;0;0;0;0;0;0;0;0;0;0;0;0;0;0;0;0;0;0
"H1_2018.02";22067;2008;856;1355;22;0;1553;20;13;1211;110;75;328;53;0;34;0;90;21;18;0;89;171;0;0;253;50;17;904;0;237;357;32;105;307;473;246;9;354;40;0;0;46;0;0;68;18;1;92;0;52;176;673;0;69;245;0;0;118;476;0;11;82;65;6;0;0;0;0;0;0;196;193;0;61;0;18;0;16;19;0;0;0;12;0;419;97;182;0;77;22;106;74;79;17;56;0;0;236;0;0;62;101;66;0;60;0;6;32;31;64;0;49;95;4;34;0;23;0;0;0;0;0;79;0;28;9;45;0;12;0;0;0;0;10;79;0;0;0;31;27;0;0;0;29;13;0;20;15;25;21;14;0;5;0;0;0;0;6;0;0;0;0;0;0;0;9;0;0;3;21;0;6;0;0;49;2;0;0;29;0;0;0;0;27;25;0;0;0;0;52;50;0;3;4;0;0;27;0;0;0;0;7;0;10;0;0;0;0;8;8;4;6;0;40;14;0;0;53;0;19;3;0;0;11;0;0;0;0;0;2;0;18;0;0;0;30;0;0;89;0;0;0;0;0;0;0;0;0;0;14;0;0;5;7;0;0;40;69;0;16;0;9;0;0;4;0;0;0;0;15;0;0;0;0;0;0;0;0;0;0;0;0;0;0;0;23;16;0;0;0;0;0;0;0;0;0;0;11;12;0;0;0;0;0;0;0;0;28;0;0;0;0;0;0;5;0;0;0;18;0;0;0;0;0;0;0;4;0;0;0;0;0;7;0;29;0;0;0;0;5;0;0;0;0;0;6;0;0;0;0;4;3;0;0;0;0;0;4;0;0;0;46;0;0;41;0;0;0;0;0;0;0;0;0;0;0;0;0;0;0;20;3;0;0;0;0;0;0;0;0;0;0;0;0;0;0;0;0;0;0;0;0;0;0;0;0;0;0;0;0;0;0;0;15;0;0;0;0;0;0;6;0;0;0;0;0;0;0;0;24;0;0;0;0;0;2;0;0;0;0;0;0;0;0;0;0;0;0;0;22;0;0;0;0;0;0;0;0;0;0;0;0;0;0;0;0;10;0;0;0;0;0;0;0;10;0;0;0;0;0;0;0;0;0;0;0;0;0;0;0;0;0;0;0;0;0;0;0;0;0;0;0;0;0;0;0;0;0;0;0;0;0;0;0;0;0;0;0;0;0;0;0;0;0;0;0;0;0;0;0;0;0;0;0;0;0;0;0;0;0;0;0;0;0;0;0;0;11;0;0;0;0;0;0;0;0;0;0;0;0;0;0;0;0;0;0;11;0;0;0;0;0;0;0;0;0;0;0;0;0;0;0;0;0;0;0
"H1_2018.04";16167;248;2156;1539;0;33;181;2249;0;728;388;74;469;44;93;122;0;490;335;0;0;30;144;354;0;471;0;0;378;0;1388;64;432;162;60;148;352;90;525;33;0;0;473;61;0;46;97;0;29;0;209;978;178;76;228;18;0;7;306;357;0;26;245;109;0;0;0;22;31;0;86;114;70;44;0;22;7;17;58;17;45;0;241;0;40;297;121;233;0;13;5;249;40;95;0;12;0;0;61;0;0;0;4;446;25;178;0;40;45;63;150;0;0;0;11;7;0;46;0;0;100;5;0;0;9;134;0;0;6;99;0;0;0;0;28;0;203;0;28;0;0;0;51;0;26;0;25;0;25;0;11;0;0;17;0;0;0;0;6;43;21;0;0;0;45;0;0;72;72;12;22;0;0;17;21;9;0;0;0;6;48;0;0;0;17;0;24;5;0;0;33;6;0;13;17;5;0;29;0;0;0;0;78;74;5;0;0;0;7;21;8;0;16;0;6;20;0;26;0;0;20;0;17;71;0;48;0;0;50;0;25;9;26;23;125;0;0;0;0;58;0;11;14;0;44;0;0;8;14;57;0;8;0;0;0;0;0;0;0;0;0;0;35;0;0;0;61;28;21;0;0;0;0;5;0;0;13;0;79;0;0;0;0;0;9;0;0;11;0;0;0;0;0;22;0;0;43;0;0;11;22;0;0;0;0;13;0;0;0;0;0;0;0;5;12;0;16;0;0;0;0;9;0;0;0;0;0;0;0;0;0;0;0;0;9;11;0;11;0;0;0;9;0;28;0;6;0;0;4;0;0;5;18;20;0;0;0;0;0;0;12;0;0;23;0;2;0;6;0;0;0;0;0;0;0;0;0;0;0;0;0;0;5;0;0;0;0;3;0;0;0;12;0;0;0;0;0;0;0;0;0;0;0;0;0;11;0;0;0;0;13;0;0;0;0;0;0;0;0;0;0;0;0;0;0;0;6;0;0;0;0;0;0;6;0;0;4;0;0;0;0;0;0;0;0;0;0;0;0;3;0;0;0;0;0;0;0;0;0;0;0;0;0;0;0;0;0;0;12;13;0;0;0;0;0;0;9;0;5;0;0;0;0;0;0;0;0;0;7;30;3;0;8;0;0;0;0;0;0;0;0;0;15;0;0;0;0;0;0;0;0;0;0;0;0;0;0;0;0;0;0;3;4;0;0;0;0;5;0;0;0;9;0;0;0;0;0;0;0;0;0;0;0;0;0;0;0;0;0;0;0;0;0;0;8;10;0;0;0;0;0;0;0;0;0;0;0;0;11;8;9;3;0;0;0;2;0;0;0;0;5;0;0;0;0;0;0
"H2_2017.04";16690;2515;878;506;0;967;757;20;0;359;20;82;184;23;8093;1186;0;118;0;0;0;31;104;13;0;252;0;0;0;0;206;8;23;78;34;495;873;24;42;18;0;30;127;0;0;0;0;0;16;0;10;67;182;0;139;0;79;7;139;24;0;7;182;0;0;0;0;0;10;0;0;6;15;188;29;52;6;25;38;50;0;0;139;84;0;51;50;269;0;10;0;204;79;169;0;0;472;0;0;0;44;0;10;0;366;23;0;0;0;54;35;0;0;0;18;34;0;63;0;0;0;0;0;0;0;12;0;0;0;0;0;44;0;0;29;0;21;0;0;4;0;881;0;0;0;0;0;0;13;0;12;0;6;0;0;0;84;0;0;0;27;0;0;0;9;0;0;0;27;54;14;0;51;0;0;43;0;8;0;0;0;0;0;0;0;0;0;26;0;0;0;12;0;0;42;0;0;44;0;0;0;172;0;0;18;40;0;0;14;11;0;0;26;26;0;0;0;0;0;0;0;39;0;0;20;0;52;0;0;4;0;0;0;0;0;14;0;0;14;0;58;0;0;0;0;0;0;0;0;0;0;5;0;0;0;0;0;0;0;0;0;0;0;0;0;5;0;0;0;0;0;0;0;4;0;0;0;121;0;0;0;0;0;0;0;0;0;15;0;0;0;0;0;0;0;7;0;0;19;29;0;0;0;0;0;0;0;0;0;26;0;57;0;47;0;0;0;0;0;0;0;0;0;0;0;0;0;0;0;17;0;0;0;23;0;0;0;0;0;0;0;0;0;15;0;0;0;0;0;0;0;0;0;0;0;0;0;0;0;0;0;0;0;0;0;0;30;0;0;0;0;0;0;0;0;0;0;0;9;0;0;0;0;0;0;0;0;0;0;0;0;0;0;0;0;0;0;0;0;0;0;0;12;0;0;0;0;0;0;0;0;0;0;0;0;0;0;0;0;0;0;0;0;0;8;0;0;0;0;0;0;0;0;0;0;0;2;0;50;0;0;0;0;0;0;0;0;0;9;0;0;0;0;0;0;0;0;0;0;0;0;0;0;0;0;0;0;0;0;0;0;0;0;0;0;0;0;0;0;0;0;0;0;0;6;0;0;0;0;0;0;0;3;0;0;0;0;0;0;0;0;0;0;0;0;0;0;0;0;0;0;0;0;0;0;0;0;0;0;0;0;0;0;0;0;0;0;0;0;0;0;14;0;0;0;0;0;0;0;0;0;0;11;0;0;0;0;0;0;0;0;0;0;0;0;0;12;0;0;0;0;0;0;0;0;0;0;0;0;0;0;0;0;0;0;0;0;0;0;0;0;0;0;0;0;0;0
"H2_2018.02";18877;864;853;1103;13;0;1281;14;0;1213;248;91;593;74;8;45;0;96;588;0;290;128;166;389;0;502;74;0;85;22;271;1385;19;164;873;728;188;36;399;182;0;0;63;0;0;14;39;2;94;0;17;228;1048;19;122;150;0;0;392;626;0;17;124;56;0;0;0;0;0;0;0;163;143;0;99;110;7;0;19;21;0;0;12;0;33;517;151;199;0;65;23;81;89;92;9;62;0;0;50;0;0;49;80;69;41;139;0;53;51;52;172;0;19;127;9;32;34;26;0;0;0;0;0;48;0;26;5;120;0;33;0;0;131;0;0;59;0;0;0;22;53;0;8;0;37;38;50;0;48;8;38;12;0;12;22;45;0;0;0;0;0;4;0;0;10;0;0;0;0;0;45;0;11;6;0;49;1;0;0;43;9;0;0;0;0;40;0;5;0;0;69;60;0;0;34;0;0;21;34;0;0;0;6;0;33;13;0;0;0;11;0;2;4;0;64;42;0;0;21;0;20;5;0;25;0;0;0;0;0;0;0;0;0;3;0;0;10;37;0;60;0;0;13;0;0;0;0;0;0;0;15;0;0;8;0;0;0;62;10;0;11;0;1;123;0;4;0;0;0;0;30;0;17;0;0;0;38;0;0;0;0;0;0;14;0;0;20;16;0;0;0;0;0;0;0;0;0;0;0;0;0;0;0;0;0;0;0;0;24;0;7;0;0;0;0;8;0;0;12;1;0;0;11;0;0;0;0;0;0;0;0;0;0;9;0;10;0;0;0;0;18;0;0;0;0;7;0;0;0;0;0;0;7;0;0;0;0;0;0;0;0;0;0;0;0;14;0;0;0;0;0;0;0;0;0;0;0;0;0;0;0;0;2;0;0;0;0;2;0;0;0;0;0;0;0;0;0;0;0;0;0;9;0;0;0;0;0;0;0;0;0;0;15;0;0;0;0;0;27;0;0;0;0;0;0;0;0;0;0;0;0;0;0;0;0;0;0;0;0;0;0;10;0;0;0;0;0;0;0;0;0;0;0;0;0;0;0;0;0;0;0;0;0;0;0;2;0;0;0;0;0;0;0;0;0;8;0;0;0;0;0;0;0;0;0;0;0;0;0;0;0;0;0;0;0;0;0;0;0;0;0;0;0;0;0;0;0;0;0;0;0;0;0;0;0;0;0;0;0;0;0;0;0;0;0;0;0;0;0;0;0;0;0;0;0;0;0;0;0;0;13;0;0;0;0;0;0;0;0;0;0;0;0;0;0;0;0;0;0;0;0;0;0;0;0;5;0;0;0;0;0;0;0;0;0;0;0;0;0;0;0;0;0;0;0;0;0
"H2_2018.04";15786;103;1976;1489;0;0;171;1437;0;723;326;75;476;72;104;115;0;555;195;0;0;27;242;115;0;517;0;0;399;0;1404;75;498;218;48;172;333;22;523;18;0;0;341;69;0;39;98;0;30;0;303;1473;342;86;210;24;0;29;461;361;0;22;207;124;0;0;0;0;51;0;86;88;104;80;0;28;12;34;28;23;0;0;137;0;33;325;106;260;0;40;4;211;57;113;0;10;0;0;57;0;0;0;9;378;22;240;0;43;47;57;104;0;0;0;75;0;0;36;0;0;39;25;0;0;15;180;0;0;5;120;0;0;0;0;29;0;240;0;21;0;0;0;16;0;33;0;0;0;16;0;27;0;15;59;0;0;0;0;6;0;0;0;0;0;64;12;0;67;64;0;17;0;0;0;57;2;0;0;0;0;58;0;0;0;5;3;0;0;0;0;40;0;0;12;8;12;0;51;0;0;0;0;96;125;0;0;0;0;0;14;7;0;22;0;7;21;0;53;0;0;17;5;41;107;5;48;0;0;54;0;39;18;16;26;64;14;0;22;0;32;0;0;12;0;40;11;0;0;12;43;0;11;0;0;11;6;0;0;0;0;12;0;23;0;4;0;39;18;24;0;0;0;0;0;0;0;10;0;13;0;7;0;0;0;11;29;0;0;0;0;0;0;0;22;0;0;0;0;0;0;8;0;0;0;0;0;0;0;0;0;0;0;0;0;0;0;28;0;0;0;0;12;5;0;0;0;0;0;0;12;0;0;0;0;0;0;0;25;0;0;0;22;0;15;0;0;0;0;0;49;0;12;19;16;0;0;0;0;0;0;13;0;0;0;0;8;0;0;0;0;0;0;0;0;0;0;0;0;0;0;0;0;1;0;0;0;0;0;0;0;0;0;0;0;0;0;0;0;0;0;0;0;0;0;0;12;0;0;0;0;0;0;0;0;0;0;0;0;0;0;0;0;0;1;0;0;8;0;0;0;0;0;0;4;0;0;10;18;0;19;0;0;0;0;0;0;0;0;0;0;0;0;0;0;0;0;0;0;0;0;0;0;0;0;0;0;0;0;15;15;0;0;14;0;0;0;0;0;7;0;0;0;0;0;0;0;0;0;0;48;10;11;5;0;0;0;0;0;17;0;0;0;0;0;0;0;0;0;0;0;0;0;0;0;0;0;0;0;0;0;0;5;0;14;0;0;0;0;12;0;0;0;0;0;0;0;0;0;0;0;0;0;0;0;0;0;0;0;0;0;0;0;0;0;0;0;0;6;0;0;0;0;0;0;0;0;0;0;0;0;0;6;0;0;0;0;0;0;0;0;0;0;0;0;0;0;0
"H3_2017.04";14653;9557;1099;426;0;1757;663;0;0;399;34;95;494;0;228;344;0;231;32;0;0;97;248;0;0;234;0;0;786;10;434;14;34;270;25;415;697;21;268;8;0;0;152;0;0;857;50;26;17;0;22;531;26;0;190;0;12;26;28;195;0;10;273;26;0;0;0;19;18;0;0;0;9;309;43;2;0;0;33;15;0;0;22;183;37;159;53;368;0;17;0;267;125;190;0;0;12;11;18;0;51;0;11;73;19;35;0;0;0;199;86;13;0;0;0;21;1;0;67;0;0;6;0;0;0;28;0;0;3;52;49;0;0;0;10;0;19;0;0;13;0;128;0;0;0;0;55;0;15;0;17;0;17;0;0;0;0;78;0;0;10;0;0;0;6;0;0;15;25;0;15;0;89;0;48;21;0;0;0;0;21;0;0;0;0;3;0;9;0;0;23;16;0;14;0;0;0;0;0;0;0;6;5;0;0;24;16;0;18;9;13;0;0;0;0;6;0;0;23;0;0;0;0;45;0;0;0;0;27;12;0;112;0;16;0;102;0;10;0;0;0;0;0;0;0;0;0;0;0;0;0;0;0;0;0;0;65;0;0;0;0;0;0;0;0;10;20;0;9;0;0;0;0;0;22;0;29;0;0;0;0;0;0;0;0;96;0;0;0;0;0;0;0;0;12;5;0;11;0;41;0;0;0;0;0;0;0;0;0;12;0;0;0;38;0;0;0;0;0;0;0;0;0;0;0;0;0;0;0;0;0;0;39;27;0;10;0;0;51;0;0;0;0;11;0;12;0;0;10;0;0;0;13;0;0;0;0;0;0;15;0;0;0;21;0;0;0;0;0;0;0;0;0;0;0;0;0;0;17;42;0;0;0;0;0;29;0;0;0;0;0;0;0;0;0;0;0;15;0;0;0;0;0;0;0;0;0;0;0;0;0;0;0;0;0;0;0;0;0;0;0;0;17;0;0;0;0;0;0;0;0;35;0;0;0;0;12;6;0;0;0;0;0;0;0;0;0;0;3;0;0;0;0;0;0;0;0;0;0;0;0;0;0;0;0;0;0;8;3;0;0;0;0;0;0;0;0;0;0;0;0;0;0;0;0;0;0;0;0;8;0;0;0;0;0;0;0;0;0;0;0;0;0;14;0;0;0;0;7;0;0;0;0;0;0;0;0;0;0;0;0;0;0;0;0;0;0;0;0;0;0;0;0;0;0;0;0;0;0;0;0;0;0;0;0;0;0;0;0;0;0;0;0;0;0;0;0;0;0;0;0;0;0;0;0;0;0;0;0;0;0;0;0;0;0;0;0;0;5;0;2;8;0;0;0;0;0
"H3_2018.02";21611;1292;739;1513;11;0;2017;24;0;1836;219;104;400;40;0;24;0;94;378;0;0;182;144;72;0;224;13;0;19;250;149;1234;20;262;956;753;156;0;256;119;0;0;46;0;0;0;0;6;41;0;40;102;518;0;90;121;0;0;193;235;0;41;0;56;0;0;0;0;0;0;0;127;64;0;37;6;9;14;7;13;0;5;0;11;0;181;174;258;0;38;29;64;110;9;13;13;0;0;0;0;0;34;144;0;37;47;0;15;26;24;0;0;29;85;4;58;3;0;0;0;0;0;0;31;9;7;20;45;0;0;0;0;105;679;0;30;0;0;0;39;42;0;0;0;11;36;0;0;37;0;41;0;0;0;0;0;15;7;0;0;0;10;0;0;11;0;23;0;43;0;18;0;44;10;0;36;0;0;0;37;0;0;0;0;0;0;12;8;0;0;43;50;0;0;0;0;0;16;0;0;0;0;0;0;98;20;9;0;0;10;0;20;0;0;8;10;0;0;0;0;15;8;0;12;0;0;0;7;0;0;10;0;0;1;0;0;0;0;0;48;0;0;7;0;0;0;0;20;17;0;13;0;0;4;0;0;0;0;0;0;7;0;0;27;0;11;0;0;11;144;19;0;0;0;0;0;0;0;0;0;0;0;0;0;0;0;0;14;0;9;0;0;0;0;18;0;0;0;8;14;0;0;0;0;0;0;0;0;35;0;0;0;0;0;0;34;0;0;8;8;0;0;0;0;0;0;0;0;0;0;0;0;0;12;0;0;0;0;0;0;24;0;0;0;0;7;0;0;0;0;0;0;0;0;0;0;0;0;0;0;0;0;0;0;0;0;0;0;0;0;0;0;0;0;0;0;0;0;0;0;0;34;0;0;0;0;0;8;0;0;0;0;0;0;0;0;0;0;0;0;0;0;0;0;0;0;0;0;0;0;0;0;0;0;0;0;0;0;0;0;0;0;0;0;0;0;0;0;0;0;7;0;7;0;0;0;0;0;0;0;0;4;0;0;0;0;0;0;0;0;17;0;0;0;0;0;0;0;0;0;0;0;0;0;0;0;0;0;1;0;0;0;0;0;0;0;0;0;0;0;0;0;0;0;0;0;0;0;0;0;0;0;0;0;0;0;0;0;0;0;0;0;0;9;0;0;0;0;0;0;0;0;0;0;0;0;0;0;0;0;0;0;0;0;0;0;0;0;0;0;0;0;0;0;0;0;0;0;0;0;0;0;0;0;0;0;0;0;0;0;0;0;0;0;0;0;0;0;0;0;0;0;0;0;0;0;0;0;0;0;0;0;0;0;0;0;0;0;0;0;0;0;0;0;0;0;0
"H3_2018.04";15920;638;3205;1207;0;129;164;3477;16;639;542;89;629;42;17;96;0;414;274;0;0;50;164;441;0;419;0;0;83;14;1052;51;321;208;30;99;292;65;355;34;0;0;321;64;0;0;110;0;28;0;180;911;208;34;225;44;0;23;355;210;0;22;135;77;4;0;0;30;64;0;59;126;53;57;0;56;19;83;37;22;73;0;281;0;44;153;133;143;0;38;0;147;35;119;57;1;0;0;34;0;24;0;0;405;27;94;0;73;26;76;103;0;0;0;22;0;1;17;0;0;587;29;0;0;0;90;0;0;9;119;0;0;0;0;12;0;183;0;25;0;0;0;90;0;11;0;0;0;13;0;14;0;7;14;0;0;0;0;3;0;11;0;0;0;42;0;0;41;44;0;26;0;10;0;27;0;0;0;0;0;39;0;0;0;14;0;0;0;0;0;31;2;0;0;42;15;0;21;0;4;0;0;35;100;0;0;0;0;16;10;0;0;24;0;14;6;0;39;0;0;15;0;14;38;7;34;0;0;51;0;13;15;10;20;31;0;0;25;0;48;0;0;10;0;83;0;0;4;10;36;0;0;0;0;0;7;0;0;0;0;6;0;18;0;0;4;33;11;21;0;0;0;0;0;0;0;6;0;66;0;5;0;0;0;11;0;0;0;0;0;0;0;0;23;0;0;0;0;0;0;8;0;0;0;0;21;0;0;0;0;0;63;0;0;10;0;14;0;0;0;0;0;0;0;0;0;0;0;0;0;0;0;0;0;0;0;0;25;0;0;0;11;0;8;0;0;0;0;2;26;24;0;13;12;0;0;0;0;5;0;24;0;0;25;0;0;0;0;0;0;0;0;0;0;0;0;0;0;0;0;0;0;25;0;0;7;0;0;0;0;0;11;0;0;0;0;0;0;0;34;0;0;0;0;0;0;0;0;0;0;0;0;0;0;0;0;0;0;0;0;0;0;0;0;0;0;0;0;0;0;0;0;0;7;0;0;4;5;0;0;0;0;4;0;0;0;0;0;0;0;0;0;0;0;0;0;0;0;0;0;0;0;0;0;0;8;0;0;7;0;0;0;0;0;0;0;0;0;0;0;0;0;0;0;0;0;0;0;0;6;0;4;0;0;0;0;0;0;0;0;0;0;0;0;0;0;0;0;0;0;0;0;0;0;0;0;0;0;0;0;0;0;0;0;0;0;0;0;0;0;0;5;0;7;0;0;0;0;0;0;0;0;0;0;0;0;0;0;0;0;2;0;0;0;0;0;0;0;9;0;0;0;0;0;0;0;0;0;0;0;0;0;10;0;0;0;0;0;5;0;0;0;10;0;0;0;0
"H4_2017.04";15319;4550;1092;363;0;176;881;7;0;618;61;104;554;0;110;451;0;538;0;0;0;159;338;0;0;371;0;0;121;0;435;0;76;369;21;363;879;0;169;0;0;18;120;0;0;4397;0;21;0;0;38;451;85;0;111;7;14;27;0;236;0;8;110;27;0;0;0;0;27;0;29;12;15;179;71;53;0;19;22;17;0;0;57;117;59;80;33;487;0;5;0;152;123;355;0;0;3;0;21;0;0;0;21;35;15;41;0;0;13;134;51;0;0;0;7;0;0;55;0;0;0;18;0;0;0;37;0;0;0;54;347;0;0;0;11;0;39;0;15;22;0;222;0;0;0;0;33;0;32;0;0;0;13;0;0;0;0;9;0;42;10;0;56;0;11;13;0;0;40;0;23;0;44;0;0;25;0;0;0;0;0;22;0;0;0;0;0;22;0;0;39;15;0;17;0;0;70;0;0;0;22;0;5;0;0;42;11;0;0;13;48;0;0;0;0;0;0;0;28;0;0;7;0;30;0;0;0;0;21;0;0;48;0;13;0;0;0;0;0;0;0;0;0;0;0;0;0;0;0;6;0;0;0;0;0;0;289;0;0;0;0;0;0;0;0;17;6;0;0;0;0;0;0;6;48;0;21;0;0;0;0;0;0;0;0;0;0;0;0;0;94;0;0;0;0;236;0;90;0;44;7;0;0;0;42;0;0;0;0;28;0;0;0;36;0;0;0;30;0;0;0;11;0;0;74;0;72;0;0;0;0;0;68;25;0;23;0;0;6;0;0;0;0;19;0;0;0;0;0;0;0;0;9;0;0;0;0;0;0;53;0;0;0;15;0;0;6;0;0;0;0;66;0;0;0;0;0;0;0;0;0;0;0;0;0;0;75;0;0;0;0;0;0;0;0;0;0;20;0;0;0;0;0;0;0;0;0;0;0;0;0;0;0;0;0;0;9;0;0;0;0;0;0;0;0;0;22;32;0;0;0;34;0;0;0;0;6;0;0;0;0;0;0;0;0;0;0;10;0;0;0;21;0;0;0;0;0;0;0;0;0;0;0;0;0;12;0;12;14;0;0;0;0;0;0;0;0;0;0;0;0;0;0;0;0;0;0;0;0;0;0;0;0;20;0;0;0;0;0;12;0;0;0;0;0;0;0;0;9;0;0;0;0;0;0;0;0;0;0;0;0;0;8;0;0;0;0;0;0;15;0;0;0;0;0;0;0;0;0;0;0;0;0;0;0;0;0;0;0;0;0;0;0;0;0;0;0;0;0;0;0;0;0;0;0;0;0;0;0;0;0;0;0;0;0;0;0;0;0;0;0;0;0;11;0;0;0
"H4_2018.02";21856;1163;739;1335;0;0;2127;15;0;1597;180;157;333;53;4;30;0;78;232;0;0;206;105;193;0;181;14;10;30;249;175;1403;29;195;960;925;184;85;389;83;0;0;48;0;0;10;22;6;52;0;63;63;801;17;113;83;0;0;232;396;0;18;186;35;0;0;0;0;0;0;0;218;97;0;121;36;0;4;10;17;0;2;4;0;22;250;262;189;0;56;34;28;124;15;19;28;0;0;21;0;0;22;105;18;14;108;0;6;0;9;18;0;56;11;8;35;11;20;0;0;0;0;0;75;0;7;0;43;0;0;0;0;60;0;0;56;0;0;0;56;48;0;0;0;34;10;0;0;29;5;17;0;0;6;0;5;0;0;0;0;0;13;0;0;0;0;28;0;0;0;30;0;28;17;0;38;0;0;0;24;0;0;0;0;50;23;0;18;0;0;40;23;0;0;0;0;0;0;0;0;0;0;0;0;71;12;5;0;0;11;0;0;0;0;22;6;0;0;0;0;23;3;0;0;0;0;0;0;0;0;0;0;0;0;0;0;0;0;0;27;0;0;0;0;0;0;0;0;0;0;13;13;0;11;0;0;0;18;1;0;0;0;0;9;0;5;0;0;15;0;0;0;0;0;0;0;0;0;0;0;0;0;0;0;0;0;0;21;0;0;0;0;0;0;0;0;0;0;6;9;0;0;0;0;0;0;0;0;19;0;0;0;0;0;0;16;0;0;5;0;0;0;0;0;0;0;0;0;0;0;0;0;0;10;0;0;0;0;0;0;23;0;0;2;0;0;0;0;0;0;0;0;0;0;0;0;0;0;0;0;0;0;0;0;0;6;0;0;0;0;0;0;0;0;0;0;4;0;0;0;0;0;0;0;0;0;0;0;0;0;0;0;0;0;0;0;0;0;0;0;0;0;0;0;0;0;0;0;0;0;0;0;0;0;0;0;0;0;0;0;0;0;0;0;0;0;0;0;0;0;0;0;19;0;0;0;4;0;0;0;0;10;0;0;0;0;0;0;0;0;8;0;0;0;0;0;0;0;0;0;0;0;0;0;0;7;0;0;0;0;0;0;5;0;0;0;0;0;0;0;0;0;0;0;0;0;0;0;0;0;0;0;0;0;0;0;0;0;0;0;0;0;0;0;0;0;0;0;0;0;0;0;0;0;0;0;0;0;0;0;0;0;0;0;0;2;0;0;0;0;0;0;0;0;0;0;0;0;0;0;0;0;0;0;0;0;0;0;0;0;0;0;0;0;0;0;0;0;0;0;0;0;0;0;0;0;0;0;0;0;0;0;0;0;0;0;0;0;0;0;0;0;0;0;0;0;0
"H4_2018.04";14895;164;2599;2560;0;0;254;275;13;1065;2664;276;687;58;37;272;0;1047;140;0;0;46;350;43;0;613;0;0;21;0;1329;15;1065;375;186;187;207;895;205;97;0;0;410;0;0;0;34;0;73;0;730;599;229;198;360;8;0;28;196;216;0;37;155;66;0;0;0;0;78;0;69;204;67;15;36;87;0;25;59;13;0;0;156;0;39;111;204;253;0;28;7;49;130;66;0;0;0;0;19;0;0;0;12;169;71;17;0;12;28;93;45;0;0;0;3;0;0;35;0;0;326;19;0;0;19;35;0;0;7;51;0;0;0;0;19;0;29;0;27;0;0;0;23;0;16;0;0;0;20;0;34;0;11;2;0;0;0;0;0;0;34;0;0;0;14;19;0;10;31;23;35;0;15;0;0;0;0;0;0;5;35;0;0;0;22;0;0;0;0;0;27;5;0;13;0;0;0;14;0;0;0;0;6;16;13;0;22;0;9;8;9;0;33;0;0;5;0;28;0;0;17;13;14;26;6;5;0;0;25;0;0;0;0;37;0;0;0;33;11;13;0;0;0;0;45;0;0;0;26;8;0;10;0;0;0;0;0;0;0;0;7;0;0;0;1;4;0;18;88;0;0;0;0;0;47;0;14;0;0;0;6;0;0;0;5;0;0;32;0;12;0;0;0;40;13;0;0;0;0;14;13;14;0;0;0;5;0;0;0;8;0;0;0;0;0;0;22;0;21;15;0;0;0;16;0;0;0;0;0;13;0;0;0;0;0;0;0;11;0;0;9;28;0;13;7;0;0;0;5;0;0;0;0;0;0;0;0;0;4;0;68;0;0;21;0;0;0;9;0;0;0;0;0;0;0;0;0;0;0;0;0;0;0;23;0;0;0;0;6;0;0;0;0;0;0;0;0;0;0;0;0;0;0;0;0;9;0;0;0;0;0;0;0;0;0;0;0;0;0;0;0;0;0;0;0;0;0;0;0;0;0;0;0;13;0;0;2;10;0;0;0;0;0;0;0;0;0;0;0;0;0;0;0;0;0;0;0;0;0;0;0;0;0;0;0;0;0;0;0;31;0;0;0;0;0;0;0;0;0;0;0;0;0;0;0;0;0;0;0;0;0;2;0;14;0;0;0;0;0;0;0;0;0;0;0;0;0;0;0;0;0;0;0;0;0;0;0;0;0;0;0;0;0;0;0;0;0;5;0;0;0;0;0;0;0;0;0;0;0;0;0;0;0;0;0;0;0;0;0;0;5;0;0;0;0;0;0;0;0;0;0;0;0;0;0;0;0;0;0;0;0;0;0;0;0;0;0;0;0;0;0;0;0;0;0;0;0
"P1_2018.02";11080;4640;1774;2033;17;70;1255;10;6;1058;1663;1639;376;0;0;57;0;717;1999;10;0;89;233;361;0;528;10;24;96;901;111;85;128;207;765;35;62;126;454;1279;0;0;76;0;0;0;19;21;276;0;122;179;187;0;40;220;0;9;35;193;0;10;0;62;0;0;0;55;0;0;0;64;76;0;15;93;4;0;38;14;0;0;18;0;50;209;73;44;0;175;53;17;44;47;0;0;0;0;17;0;0;54;268;7;0;49;0;0;16;11;682;0;36;41;0;0;5;0;0;0;0;0;0;16;0;17;0;57;0;19;0;0;55;0;0;0;0;0;0;32;0;0;0;160;0;0;0;389;9;0;18;0;27;24;0;54;0;0;0;0;0;1;0;0;0;0;42;0;0;0;12;0;0;0;0;17;0;0;0;50;0;0;0;0;25;17;0;0;0;0;34;0;0;0;0;0;0;0;0;0;0;0;0;0;10;0;0;0;0;33;0;0;13;0;0;0;32;0;0;36;11;0;0;18;0;0;0;0;0;0;0;0;0;0;0;0;0;17;0;47;0;0;22;0;0;0;10;0;33;0;16;9;0;0;0;0;0;12;0;0;0;0;0;0;0;0;0;10;11;0;0;0;0;0;0;0;0;0;0;0;0;0;0;17;0;0;0;26;8;0;0;0;0;0;0;0;0;0;0;0;0;0;0;0;0;0;0;0;0;0;15;0;0;0;0;0;0;0;0;30;0;0;0;0;0;0;0;0;0;0;0;0;0;0;0;0;0;0;0;9;0;0;0;0;0;0;0;0;0;0;0;0;0;0;0;0;0;0;0;0;0;0;0;0;0;4;0;0;0;0;0;0;0;0;0;0;0;0;0;0;0;4;0;0;0;0;0;0;0;0;0;0;0;0;0;0;0;0;0;0;0;0;0;0;0;0;0;0;0;0;0;0;0;0;0;0;0;0;18;0;0;0;0;0;0;0;0;0;0;0;0;0;0;0;0;0;0;0;0;0;0;0;0;0;0;0;0;0;0;0;18;0;0;0;0;0;0;0;0;0;0;0;0;0;0;0;0;0;0;0;0;0;0;0;0;0;0;0;0;0;0;0;0;0;0;0;0;0;0;0;0;0;0;0;0;0;0;0;0;0;0;0;0;0;0;0;0;0;0;0;0;0;0;0;0;0;0;0;0;0;0;0;0;0;0;0;0;0;0;0;0;0;0;0;0;0;0;0;0;0;0;0;0;0;0;0;0;0;0;0;0;0;0;0;0;0;0;0;0;0;0;0;0;0;0;0;0;0;0;0;0;0;0;0;0;0;0;0;0;0;0;0;0;0;0;0;0
"P1_2018.04";990;6497;710;85;0;202;26;849;11;86;253;978;135;882;459;140;0;28;212;0;0;332;105;13;0;192;36;0;834;36;260;26;44;34;66;325;308;43;61;30;0;4595;41;2692;0;50;99;0;29;0;27;151;512;21;61;29;0;40;108;25;24;10;287;37;685;1848;0;24;247;0;36;20;10;103;0;25;148;11;126;9;5;0;32;54;0;211;485;88;0;24;0;86;77;148;22;23;147;0;41;90;54;0;0;24;20;97;0;0;89;6;145;119;0;0;2;0;472;32;0;17;0;10;30;0;26;51;34;0;0;48;39;28;0;0;125;0;0;48;16;0;0;0;68;0;6;0;414;39;4;7;68;0;0;0;0;0;24;0;60;0;0;38;0;124;5;0;0;7;16;16;11;0;6;0;0;41;87;8;0;0;0;43;0;25;43;0;0;0;0;0;6;0;0;73;16;22;26;66;0;0;0;0;144;24;5;0;16;0;4;0;146;5;408;15;9;0;0;0;0;0;0;0;0;0;54;0;0;0;0;0;0;0;44;0;0;0;0;189;0;15;0;275;23;0;0;62;87;9;0;0;0;24;0;0;13;0;0;0;61;0;8;28;50;0;21;0;0;0;20;0;0;0;66;0;0;0;0;0;0;0;0;0;0;0;0;60;61;0;59;4;0;0;67;41;0;14;0;13;0;0;0;220;0;0;0;13;124;41;29;20;180;0;131;31;47;0;0;0;0;0;0;102;0;0;0;0;0;0;104;0;27;0;0;0;14;35;0;0;0;16;0;0;97;6;0;0;50;0;0;0;30;0;17;0;0;0;0;83;79;0;0;47;0;0;10;0;0;0;27;46;0;0;0;0;0;0;0;0;0;0;47;0;0;0;33;0;0;16;21;70;0;49;0;0;0;35;37;33;0;0;34;33;35;26;0;0;14;0;35;35;0;5;0;44;20;45;30;0;19;24;0;20;21;0;0;0;69;0;26;0;0;0;0;0;25;26;27;16;0;0;0;0;0;26;26;0;0;0;0;20;15;24;0;8;0;23;24;25;21;0;0;0;23;21;0;0;0;35;0;0;0;0;0;20;48;0;0;0;0;20;19;0;0;11;11;20;0;0;0;0;0;0;0;0;16;0;0;0;0;25;30;19;0;0;0;0;0;0;21;0;15;0;0;0;0;0;0;0;13;0;0;0;0;0;13;0;0;0;0;0;13;0;0;0;11;0;0;0;0;0;0;12;12;13;13;0;0;0;0;0;0;0;0;5;0;0;0;0;0;12;9;13;0;0;0;0;0;0;0;0;0;1;0;9;12;0;0;0;0;0;0;0;0;0;9;10;0
"P2_2018.02";10336;2324;2012;2184;0;87;1380;103;0;989;1143;1550;750;51;0;67;0;668;231;0;550;232;254;380;0;565;9;30;0;782;441;399;127;506;1459;81;167;152;883;1399;0;0;78;0;0;0;31;0;300;0;176;123;660;0;64;325;0;0;276;364;0;10;0;156;0;0;0;0;2;44;0;204;236;0;20;33;0;0;50;62;0;0;11;0;42;354;111;146;0;258;102;45;130;0;0;0;0;0;0;0;0;52;330;51;0;145;34;10;42;16;128;0;50;166;5;27;17;0;0;0;0;0;0;82;0;19;0;69;0;57;0;0;52;0;0;14;0;0;0;42;22;0;0;36;45;0;0;0;14;0;58;0;0;0;0;16;0;0;0;0;0;8;0;0;14;0;123;0;28;0;21;0;0;0;0;50;0;0;0;64;12;0;0;0;42;23;0;25;0;0;32;0;0;0;0;0;0;0;0;0;0;0;0;0;9;0;13;0;0;41;0;0;0;0;11;0;13;0;0;11;11;6;0;9;0;0;0;0;0;0;0;0;0;3;0;0;72;28;0;12;0;0;9;0;0;11;0;0;54;0;11;16;0;0;0;0;0;0;0;101;17;0;0;0;0;0;0;0;18;0;26;0;14;0;0;9;0;0;0;0;5;0;0;57;0;0;0;12;0;8;0;0;0;8;0;0;0;0;0;0;0;0;0;0;0;0;0;0;6;0;0;0;0;0;0;0;0;0;0;65;0;0;32;0;0;0;0;0;0;0;0;0;0;0;0;0;0;0;0;4;9;11;0;0;0;0;0;0;0;0;0;0;0;0;0;0;0;0;0;0;0;0;0;0;0;0;0;0;0;0;0;0;0;0;0;0;0;0;0;0;0;0;0;0;0;0;0;9;0;0;0;0;0;0;0;0;0;0;35;0;0;0;0;0;0;0;0;0;0;0;0;0;0;0;0;0;0;0;0;0;0;0;0;0;0;0;0;0;0;0;0;0;0;0;0;0;6;0;0;0;0;0;0;0;0;0;0;0;0;0;32;0;0;0;0;0;0;0;0;0;0;0;0;0;0;0;0;0;3;0;0;0;0;0;0;0;0;0;0;0;0;0;0;0;0;0;0;0;0;0;0;0;0;0;0;6;0;0;0;0;0;0;0;0;10;0;0;0;0;0;0;17;0;0;0;0;0;0;0;0;0;0;0;0;0;0;0;0;0;0;0;0;0;0;0;0;0;0;0;0;0;0;0;0;0;0;0;0;0;0;0;0;0;0;0;0;0;0;0;0;0;0;0;0;0;0;0;0;0;0;0;0;0;0;0;0;0;0;0;0;0;0;0;0;0;0;0
"P3_2018.02";7683;1326;1906;1294;0;0;1041;15;0;686;466;501;853;133;0;28;0;468;769;0;8455;145;216;1077;0;458;0;34;0;1271;457;553;82;386;912;66;150;851;580;1331;0;0;64;0;0;0;68;0;159;0;104;55;312;0;34;128;0;0;566;198;0;0;0;128;0;0;0;0;0;18;0;183;188;0;17;32;5;0;26;98;0;2;0;0;20;291;61;120;0;146;86;24;119;11;0;0;0;0;8;0;0;33;224;0;0;82;0;0;0;11;51;4;55;37;4;20;0;0;0;0;0;0;0;54;5;13;0;74;0;97;0;0;34;0;0;0;0;0;0;44;0;0;0;123;51;66;0;38;15;0;26;0;0;0;0;138;0;0;0;0;0;0;0;0;5;0;39;0;0;0;22;0;0;0;0;30;0;0;0;79;0;0;0;0;19;0;0;126;319;0;24;0;0;0;0;0;0;9;0;0;0;0;0;0;7;3;9;0;0;34;0;8;0;0;7;0;42;0;0;90;12;2;0;7;0;0;0;3;0;0;11;0;0;0;0;0;0;23;0;11;0;0;33;0;0;0;13;0;43;0;57;36;0;5;0;0;0;23;0;0;0;0;0;7;0;0;0;10;8;0;0;0;0;0;0;11;0;0;0;0;6;0;0;45;0;0;0;5;0;0;0;0;0;0;0;0;0;0;11;0;0;0;0;0;0;0;0;0;0;0;0;0;0;0;0;0;0;0;13;30;0;0;0;0;0;0;0;0;0;0;0;0;0;0;0;0;0;0;0;3;13;4;0;0;0;0;0;0;0;0;0;0;0;0;0;0;0;0;0;0;0;0;0;0;0;0;0;0;0;0;0;0;0;41;0;0;0;0;0;0;0;0;1;0;0;0;0;0;0;0;0;0;0;0;0;0;0;0;0;0;0;0;0;0;0;0;0;0;0;0;0;0;0;0;0;0;0;0;0;0;0;0;0;0;0;0;0;0;0;0;0;0;0;0;0;0;0;0;0;0;0;0;0;0;0;0;0;0;0;0;0;0;0;0;0;0;0;0;0;0;0;0;0;0;0;0;0;0;0;0;0;0;0;0;0;0;0;0;0;0;0;0;0;0;0;0;0;0;0;0;0;0;0;0;0;0;0;0;0;0;0;0;0;0;0;0;0;0;0;0;0;0;0;0;0;0;0;0;0;0;0;0;0;0;0;2;0;0;0;0;0;8;0;0;0;0;0;0;0;0;0;0;0;0;0;0;0;0;0;0;0;0;0;0;0;0;0;0;0;0;0;0;0;0;0;0;0;0;0;0;0;0;0;0;0;0;0;0;0;0;0;0;0;0;0;0;0
"P4_2018.02";9837;2061;2785;1968;34;86;1493;13;6;1022;991;820;329;149;0;29;0;509;2492;0;186;144;143;270;0;442;17;45;0;1068;476;313;93;331;350;92;149;875;883;2559;0;0;92;0;0;0;39;2;234;0;125;189;734;0;59;302;0;0;113;357;0;14;0;111;0;0;0;0;0;0;0;180;328;3;22;0;12;0;28;46;0;0;14;0;14;467;65;84;0;164;123;34;82;11;0;0;0;0;5;0;0;56;237;23;0;98;0;0;30;10;114;0;45;0;5;10;48;0;0;0;0;0;0;103;10;12;0;47;0;41;0;0;57;0;0;2;0;0;0;65;25;0;0;131;60;0;0;80;21;0;31;0;0;0;0;54;0;0;0;0;0;0;0;0;7;0;25;0;0;0;23;0;0;0;0;76;0;0;0;56;0;0;0;0;39;30;0;0;0;0;36;0;0;0;0;0;0;14;0;0;0;0;0;0;3;9;18;0;0;58;0;7;0;0;9;5;53;0;0;56;16;0;0;43;0;0;0;4;0;0;7;0;0;4;0;0;0;12;0;21;0;0;60;0;0;0;2;0;52;0;47;23;0;0;0;0;0;0;0;17;10;0;0;0;0;0;0;0;18;0;0;0;10;0;0;6;0;0;0;0;0;0;0;20;0;0;0;15;0;0;0;0;20;7;0;0;0;0;0;0;0;0;0;0;0;0;0;0;0;0;0;0;0;0;0;0;0;0;16;24;0;0;0;0;0;0;0;0;0;0;0;0;0;0;0;0;0;0;0;16;0;12;0;0;0;0;0;0;0;0;0;0;0;0;0;0;0;0;0;0;0;0;0;0;0;0;0;0;0;0;0;0;0;0;0;0;0;0;0;0;0;0;0;0;0;0;0;0;0;0;0;0;0;0;0;0;0;0;0;0;0;0;0;0;0;0;0;0;0;0;0;0;0;0;0;0;0;0;0;0;0;0;0;0;0;0;0;0;0;0;23;0;0;0;0;0;0;0;0;0;0;0;0;0;0;0;0;0;0;0;0;0;0;0;0;0;0;0;0;0;0;0;0;0;0;0;0;0;0;0;0;0;0;0;0;0;0;0;0;0;0;0;0;0;0;0;0;0;0;0;0;0;0;0;0;10;0;0;0;0;0;0;0;0;15;0;0;0;0;0;0;0;0;0;0;0;0;0;0;0;0;0;0;0;0;0;0;0;0;0;0;2;0;0;0;0;0;0;0;0;0;0;0;0;0;0;0;0;0;0;0;0;0;0;0;0;0;0;0;0;0;0;0;0;0;0;0;0;0;0;0;0;0;0;0;0;0;0;0;0;0;0;0;0;0;0;9
